artnr;artnm;Leverancier;Artikelnr leverancier;Werkdruk (bar);2delig_1 - Huls;2delig_1 - Persmaat (mm);2delig_1 - Schilmaat intern (mm);2delig_1 - Schilmaat extern (mm);2delig_2 - Huls;2delig_2 - Persmaat (mm);2delig_2 - Schilmaat intern (mm);2delig_2 - Schilmaat extern (mm)
0187ST-10;NO-SKIVE 15.9MM (5/8) DN16 T.C. GLOBALCORE W.P. 70 BAR;Parker;187ST-10;70;;;;;;;;
0187ST-12;NO-SKIVE 19.1MM (3/4) DN19 S.T. GLOBALCORE W.P. 70 BAR;Parker;187ST-12;70;;;;;;;;
0187ST-16;NO-SKIVE 25.4MM (1) DN25 T.C. GLOBALCORE W.P. 70 BAR;Parker;187ST-16;70;;;;;;;;
0187ST-20;NO-SKIVE 31.8MM (11/4) DN31 S.T. GLOBALCORE W.P. 70 BAR;Parker;187ST-20;70;;;;;;;;
0187ST-24;NO-SKIVE 38.1MM (11/2) DN38 S.T. GLOBALCORE W.P. 70 BAR;Parker;187ST-24;70;;;;;;;;
0187ST-32;NO-SKIVE 50.8MM (2) DN50 T.C. GLOBALCORE W.P. 70 BAR;Parker;187ST-32;70;;;;;;;;
0187TC-24;NO-SKIVE 38.1MM (1-1/2) DN38 T.C. COMPACT 2SC W.P. 70 BAR;Parker;187TC-24;70;;;;;;;;
0187TC-32;NO-SKIVE 50.8MM (2) DN50 T.C. GLOBALCORE W.P. 70 BAR;Parker;187TC-32;70;;;;;;;;
0187TC-40;NO-SKIVE 63.5MM (2-1/2) DN63 T.C. COMPACT 2SC W.P. 70 BAR 46;Parker;187TC-40;70;;;;;;;;
0201-04;3/16 R5/J1402AII HOSE 201-4;Parker;201-4;207;;;;;;;;
0201-05;1/4 R5/J1402AII HOSE 201-5;Parker;201-5;207;;;;;;;;
0201-06;5/16 R5/J1402AII HOSE 201-6;Parker;201-6;155;;;;;;;;
0201-08;13/32 R5/J1402AII HOSE 201-8;Parker;201-8;138;;;;;;;;
0201-12;5/8 R5/J1402AII HOSE 201-12;Parker;201-12;103;;;;;;;;
0201-16;PARKER HOSE 201-16 7/8″ R5/J1402AII;Parker;201-16;55;;;;;;;;
0201-20;1-1/8 R5/J1402AII HOSE 201-20;Parker;201-20;43;;;;;;;;
0201-24;1-3/8 R5/J1402AII HOSE 201-24;Parker;201-24;35;;;;;;;;
0201-32;1-13/16 R5/J1402AII HOSE 201-32;Parker;201-32;24;;;;;;;;
0304-04;NO-SKIVE 6.3MM (1/4) DN06 SAE100R2AT W.P. 345 BAR PH.ESTER 3;Parker;304-4;345;;;;;;;;
0304-06;NO-SKIVE 9.5MM (3/8) DN10 SAE100R2AT W.P. 275 BAR PH.ESTER 3;Parker;304-6;275;;;;;;;;
0304-08;NO-SKIVE 12.7MM (1/2) DN12 SAE100R2AT W.P. 240 BAR PH.ESTER;Parker;304-8;240;;;;;;;;
0304-12;NO-SKIVE 19.1MM 3/4 DN19 SAE100R2AT W.P. 155 BAR PH.ESTER;Parker;304-12;155;;;;;;;;
0304-16;NO-SKIVE 25.4MM (1) DN25 SAE100R2AT W.P. 138 BAR PH.ESTER 30;Parker;304-16;138;;;;;;;;
0304-20;NO-SKIVE 31.8MM (11/4) DN32 SAE100R2AT WP.112 BAR PH.ESTER;Parker;304-20;112;;;;;;;;
0304-24;NO-SKIVE 38.1MM (11/2) DN38 SAE100R2AT WP.90 BAR PH.ESTER;Parker;304-24;86;;;;;;;;
0304-32;NO-SKIVE 50.8MM (2) DN50 SAE100R2AT W.P. 78 BAR PH.ESTHER 30;Parker;304-32;78;;;;;;;;
0311-04;421SN NO-SKIVE 6.3MM (1/4) DN06 R1AT 1SN W.P. 225 BAR;Parker;421SN-4;225;13002-04MM;15,5;;;;;;
0311-05;421SN NO-SKIVE 7.9MM (5/16) DN08 R1AT 1SN W.P. 215 BAR;Parker;421SN-5;215;13002-05MM;17,8;;;;;;
0311-06;421SN NO-SKIVE 9.5MM (3/8) DN10 R1AT 1SN W.P. 180 BAR;Parker;421SN-6;180;13002-06MM;20,4;;;;;;
0311-08;421SN NO-SKIVE 12.7MM (1/2) DN12 R1AT 1SN W.P. 160 BAR;Parker;421SN-8;160;13002-08MM;23,4;;;;;;
0311-10;421SN NO-SKIVE 15.9MM (5/8) DN16 R1AT 1SN W.P. 130 BAR;Parker;421SN-10;130;13002-10MM;26,8;;;;;;
0311-12;421SN NO-SKIVE 19.1MM (3/4) DN20 R1AT 1SN W.P. 105 BAR;Parker;421SN-12;105;13002-12MM;31;;;;;;
0311-16;421SN NO-SKIVE 25.4MM (1) DN25 R1AT 1SN W.P. 88 BAR;Parker;421SN-16;88;13002-16MM;38,8;;;;;;
0311-20;421SN NO-SKIVE 31.8MM (1-1/4) DN32 R1AT 1SN W.P. 63 BAR;Parker;421SN-20;63;13002-20MM;48;;;;;;
0311-24;421SN NO-SKIVE 38.1MM (1-1/2) DN40 R1AT 1SN W.P. 50 BAR;Parker;421SN-24;50;13002-24MM;55,2;;;;;;
0311-32;421SN NO-SKIVE 50.8MM (2) DN50 R1AT 1SN W.P. 40 BAR;Parker;421SN-32;40;13002-32MM;68,4;;;;;;
0312-04;NO-SKIVE 6.3MM (1/4) DN06 SAE100R1AT 1SN W.P. 225 BAR;Interpump;TFD0011-04;225;13002-04MM;15,5;;;;;;
0312-05;NO-SKIVE 7.9MM (5/16) DN08 SAE100R1AT 1SN W.P. 215 BAR;Interpump;TFD0011-05;215;13002-05MM;17,8;;;;;;
0312-06;NO-SKIVE 9.5MM (3/8) DN10 SAE100R1AT 1SN W.P. 180 BAR;Interpump;TFD2012-06;180;13002-06MM;20,4;;;;;;
0312-08;NO-SKIVE 12.7MM (1/2) DN12 SAE100R1AT 1SN W.P. 160 BAR;Interpump;TFD0012-08;160;13002-08MM;23,4;;;;;;
0312-10;NO-SKIVE 15.9MM (5/8) DN16 SAE100R1AT 1SN W.P. 130 BAR;Interpump;TFD0011-10;130;13002-10MM;26,8;;;;;;
0312-12;NO-SKIVE 19.1MM (3/4) DN20 SAE100R1AT 1SN W.P. 105 BAR;Interpump;TFD0012-12;105;13002-12MM;31;;;;;;
0312-16;NO-SKIVE 25.4MM (1) DN25 SAE100R1AT 1SN W.P. 88 BAR;Interpump;TFD0011-16;88;13002-16MM;38,8;;;;;;
0312-20;NO-SKIVE 31.8MM (1-1/4) DN32 SAE100R1AT 1SN W.P. 63 BAR;Interpump;TFD0012-20;63;13002-20MM;48;;;;;;
0312-24;NO-SKIVE 38.1MM (1-1/2) DN40 SAE100R1AT 1SN W.P. 50 BAR;Interpump;TFD0011-24;50;13002-24MM;55,2;;;;;;
0312-32;NO-SKIVE 50.8MM (2) DN50 SAE100R1AT 1SN W.P. 40 BAR;Interpump;TFD0012-32;40;13002-32MM;68,4;;;;;;
0314-04;TRELL-JETT 1 WIRE TYPE 581 DN06 W.P. 400 BAR;Trelleborg;TJ581+100DN06;400;13002-04MM;15,3;;;13002-04;14,6;;
0314-05;TRELL-JETT 1 WIRE TYPE 581 DN08 W.P. 400 BAR;Parker;0314-05;400;13002-05MM;16,9;;;13002-05;16,7;;
0314-06;TRELL-JETT 1 WIRE TYPE 581 DN10 W.P. 400 BAR;Trelleborg;TJ581+100DN10;400;13002-06MM;19,8;;;13002-06;18,5;;
0314-08;TRELL-JETT 1 WIRE TYPE 581 DN12 W.P. 350 BAR;Trelleborg;TJ581-13 1/2 BLUE +100 2910470;350;13002-08MM;22,6;;;13002-08;22,3;;
0315-05;TRELL-JETT 2 WIRE TYPE 580 DN08 W.P. 650 BAR;Trelleborg;TJ580+100DN8;650;13000-05;19;;23;;;;
0315-06;TRELL-JETT 2 WIRE TYPE 580 DN10 W.P. 650 BAR;Trelleborg;2910370-TJ580-10 3/8″ BLUE100+;650;13000-06;20,8;;24;;;;
0315-08;TRELL-JETT 2 WIRE TYPE 580 DN12 W.P. 500 BAR;Trelleborg;2910420-TJ580-13-1/2″ BLUE100+;500;13000-08;24,4;;26;;;;
0317-04;2SC 6.3MM (1/4) DN06 COMPACT W.P. 400 BAR BLUE;Interpump;THB002K-04;400;NTB;15,5;;;13000-04;16,8;;23
0317-05;2SC 7.9MM (5/16) DN08 COMPACT W.P. 400 BAR BLUE;Interpump;TFB002KN05;400;NTB;17,8;;;13000-05;19;;23
0317-06;2SC 9.5MM (3/8) DN10 COMPACT W.P. 400 BAR BLUE;Interpump;THB0021-06;400;NTB;20,4;;;13000-06;20,8;;24
0317-08;2SC 12.7MM (1/2) DN12 COMPACT W.P. 400 BAR BLUE;Interpump;TCB2E42-08M005;400;13000-08;24,4;;26;;;;
0319-06;2SC 9.5MM (3/8) DN10 COMPACT W.P. 500 BAR BLUE;Interpump;TFB002K-06EI;500;NTB;20,4;;;13000-06;20,8;;24
0323-04;NO-SKIVE 6.3MM (1/4) DN06 COMPACT 1SC.250 BAR LONGLIFE;Interpump;THE201K-04;250;13002-04MM;15,1;;;;;;
0323-04-04;NO-SKIVE 6.3MM (1/4) DN06 COMPACT 1SC W.P. 250 BAR TWIN LONG;Interpump;T2E101KI04;250;13002-04MM;15,1;;;;;;
0323-05;NO-SKIVE 7.9MM (5/16) DN08 COMPACT 1SC.250 BAR LONGLIFE;Interpump;THE201K-05;250;13002-05MM;16,9;;;;;;
0323-06;NO-SKIVE 9.5MM (3/8) DN10 COMPACT 1SC W.P. 250 BAR LONGLIFE;Interpump;THE201K-06;250;13002-06MM;19,4;;;;;;
0323-06-06;NO-SKIVE 9.5MM (3/8) DN10 COMPACT 1SC W.P. 250 BAR TWIN LONG;Interpump;T2E101K-06;250;13002-06MM;19,4;;;;;;
0323-08;NO-SKIVE 12.7MM (1/2) DN12 COMPACT 1SC W.P. 200 BAR LONGLIF;Interpump;THE201K-08;200;13002-08MM;22,1;;;;;;
0323-10;NO-SKIVE 15.9MM (5/8) DN16 COMPACT 1SC.150 BAR LONGLIFE;Interpump;THE201K-10;150;13002-10MM;26;;;;;;
0323-12;NO-SKIVE 19.1MM (3/4) DN20 COMPACT 1SC.150 BAR LONGLIFE;Interpump;THE201K-12;150;13002-12MM;29,8;;;;;;
0323-16;NO-SKIVE 25.4MM (1) DN25 COMPACT 1SC.110 BAR LONGLIFE;Interpump;THE201K-16;110;13002-16MM;37,4;;;;;;
0323-20;NO-SKIVE 31.8MM (11/4) DN32 COMPACT 1SC. 100 BAR LONGLIFE;Interpump;THE201K-20;100;13002-20MM;45,5;;;;;;
0323-24;NO-SKIVE 38.1MM (11/2) DN40 COMPACT 1SC. 90 BAR LONGLIFE;Interpump;THE201K-24;90;13002-24MM;53,6;;;;;;
0323-32;NO-SKIVE 50.8MM (2) DN50 COMPACT 1SC.75 BAR LONGLIFE;Interpump;THE201K-32;75;13002-32MM;66,2;;;;;;
0328-03;THERMOPLASTIC HIGH PRESSURE R8 (3/16) DN05 W.P. 350 BAR;Calseyde;R8-DN05-0751;350;17001-03;;;;17003-03;12;;
0328-04;THERMOPLASTIC HIGH PRESSURE (1/4) DN06 W.P. 350 BAR;Hansaflex;NY806;350;17003-04;15,3;;;;;;
0328-04D;THERMOPLASTIC HIGH PRESSURE (1/4) DN06 W.P. 350 BAR TWIN;Dicsa;MT28004;350;17003-04;;;;;;;
0328-05;THERMOPLASTIC HIGH PRESSURE (5/16) DN08 W.P. 300 BAR;Calseyde;0753-5;300;17003-05;17,5;;;;;;
0328-05D;THERMOPLASTIC HIGH PRESSURE (5/16) DN08 W.P. 300 BAR TWIN;Calseyde;R8D-DN08-1753;300;17003-05;;;;;;;
0328-06;THERMOPLASTIC HIGH PRESSURE (3/8) DN10 W.P. 280 BAR;Hansaflex;NY810;280;17003-06;19,5;;;;;;
0328-06D;THERMOPLASTIC HIGH PRESSURE (3/8) DN10 W.P. 280 BAR TWIN;Calseyde;R8D-DN10-1754;280;17003-06;;;;;;;
0328-08;THERMOPLASTIC HIGH PRESSURE (1/2) DN12 W.P. 245 BAR;Hansaflex;NY813;245;17001-08;;;;17003-08;23,5;;
0328-08D;THERMOPLASTIC HIGH PRESSURE (1/2) DN12 W.P. 245 BAR TWIN;Hansaflex;NYZ 813;245;17001-08;;;;;;;
0328-12;THERMOPLASTIC HIGH PRESSURE (3/4) DN19;Schmitter;626320;;;;;;;;;
0331-03;THERMOPLASTIC HIGH PRESSURE (3/16) DN05 W.P. 360 BAR;Hansaflex;NY104;360;17002-03;13,5;;;;;;
0331-03CO2;THERMOPLASTIC HIGH PRESSURE (3/16) DN05 W.P. 360 BAR;Calseyde;0501-SB1-CO2-DN05;360;17002-03;13,5;;;;;;
0331-03D;THERMOPLASTIC HIGH PRESSURE (3/16) DN05 W.P. 360 BAR TWIN;Hansaflex;NYZ 104;360;17002-03;13,5;;;;;;
0331-04;THERMOPLASTIC HIGH PRESSURE (1/4) DN06 W.P. 310 BAR;Hansaflex;NY106;310;17002-04;15,4;;;;;;
0331-04CO2;THERMOPLASTIC HIGH PRESSURE (1/4) DN06 W.P. 310 BAR;Calseyde;0502-SB1-C02-DN06;310;17002-04;15,4;;;;;;
0331-04D;THERMOPLASTIC HIGH PRESSURE (1/4) DN06 W.P. 310 BAR TWIN;Hansaflex;NYZ106;310;17002-04;15,4;;;;;;
0331-05;THERMOPLASTIC HIGH PRESSURE (5/16) DN08 W.P. 250 BAR;Hansaflex;NY 108;250;17002-05;18,1;;;;;;
0331-05D;THERMOPLASTIC HIGH PRESSURE (5/16) DN08 W.P. 250 BAR TWIN;Hansaflex;NYZ 108;250;17002-05;18,1;;;;;;
0331-06;THERMOPLASTIC HIGH PRESSURE (3/8) DN10 W.P. 225 BAR;Hansaflex;NY110;225;17002-06;19,5;;;;;;
0331-06D;THERMOPLASTIC MEDIUM PRESSURE (3/8) DN10 W.P. 225 BAR TWIN;Hansaflex;NYZ110;225;17002-06;19,5;;;;;;
0331-08;THERMOPLASTIC HIGH PRESSURE (1/2) DN12 W.P. 180 BAR;Hansaflex;NY 113;180;17002-08;22,4;;;;;;
0331-08C02;THERMOPLASTIC HIGH PRESSURE (1/2) DN12 W.P. 180 BAR;Calseyde;0505-SB1-CO2DN12;180;17002-08;22,4;;;;;;
0331-08D;THERMOPLASTIC HIGH PRESSURE (1/2) DN12 W.P. 180 BAR TWIN;Hansaflex;NYZ 113;180;17002-08;22,4;;;;;;
0334-03;THERMOPLASTIC MEDIUM PRESS PAINT (3/16) DN05 W.P. 360 BAR;Dicsa;MT099003;360;17002-03;13,5;;;;;;
0334-04;THERMOPLASTIC MEDIUM PRESS PAINT (1/4) DN06 W.P. 310 BAR;Dicsa;MT099004;310;17002-04;15,4;;;;;;
0334-06;THERMOPLASTIC MEDIUM PRESS PAINT (3/8) DN10 W.P. 240 BAR;Parker;2040N-06V02;240;17002-06;19,5;;;;;;
0347-02;THERMOPLASTIC MEDIUM PRESSURE (1/8) DN03 W.P. 210 BAR;Parker;347-2;210;17001-02;8,9;;;;;;
0347-025;THERMOPLASTIC MEDIUM PRESSURE (5/32) DN04 W.P. 240 BAR;Parker;347-2.5;240;1411-04;;;;;;;
0347-03;THERMOPLASTIC MEDIUM PRESSURE (3/16) DN02 W.P. 210 BAR;Parker;347-3;210;17001-03;12,5;;;16001-03;;;
0347-03D;THERMOPLASTIC MEDIUM PRESSURE (3/16) DN05 W.P. 215 BAR TWIN;Parker;0347-03D;215;17001-03;12,5;;;16001-03;;;
0347-04;THERMOPLASTIC MEDIUM PRESSURE 6.3MM (1/4) DN06 R7 W.P. 215 B;Calseyde;R7-DN06-0662;215;17001-04;15,2;;;16001-04;;;
0347-04D;THERMOPLASTIC MEDIUM PRESSURE (1/4) DN06 W.P. 215 BAR TWIN;Calseyde;R7D-DN06-0632;215;17001-04;15,2;;;16001-04;;;
0347-04Q;THERMOPLASTIC MEDIUM PRESSURE (1/4) DN06 W.P. 215 BAR QUAT;Parker;0347-04Q;215;17001-04;15,2;;;16001-04;;;
0347-05;THERMOPLASTIC MEDIUM PRESSURE (5/16) DN08 W.P. 190 BAR;Calseyde;R7-DN08-0663;190;17001-05;16,8;;;16001-05;;;
0347-05D;THERMOPLASTIC MEDIUM PRESSURE (5/16) DN08 W.P. 190 BAR TWIN;Hansaflex;NYZ708;190;17001-05;16,8;;;16001-05;;;
0347-06;THERMOPLASTIC MEDIUM PRESSURE 9.5MM (3/8) DN10 R7 W.P. 160 B;Calseyde;R7-DN10-0664;160;17001-06;18,9;;;16001-06;;;
0347-06D;THERMOPLASTIC MEDIUM PRESSURE (3/8) DN10 W.P. 160 BAR TWIN;Hansaflex;NYZ710;160;17001-06;18,9;;;16001-06;;;
0347-06D/LIN;THERMOPLASTIC LINDE HOSE (3/8) DN10 TWIN;TVH;TVH/2850586;;15001-06;;;;;;;
0347-08;THERMOPLASTIC MEDIUM PRESSURE 12.7MM (1/2) DN13 R7 W.P. 140;Calseyde;R7-DN12-0665;140;17001-08;23,7;;;16001-08;;;
0347-08D;THERMOPLASTIC MEDIUM PRESSURE (1/2) DN12 W.P. 140 BAR TWIN;Hansaflex;NYZ713;140;17001-08;23,7;;;16001-08;;;
0347-10;THERMOPLASTIC MEDIUM PRESSURE 15.9MM (5/8) DN16 R7 W.P. 100;Parker;0347-10;100;16001-10;;;;;;;
0371LT-06;NO-SKIVE 9.5MM (3/8) DN10 COMPACT W.P. 445 BAR LOW TEMP;Parker;371LT-6;445;;;;;;;;
0371LT-08;NO-SKIVE 12.7MM (1/2) DN12 COMPACT W.P. 415 BAR LOW TEMP 371;Parker;371LT-8;415;;;;;;;;
0371LT-10;NO-SKIVE 15.9MM (5/8) DN16 COMPACT W.P. 350 BAR LOW TEMP;Parker;371LT-10;350;;;;;;;;
0371LT-12;NO-SKIVE 19.1MM (3/4) DN19 COMPACT W.P. 350 BAR LOW TEMP;Parker;371LT-12;350;;;;;;;;
0371LT-16;NO-SKIVE 25.4MM (1) DN25 COMPACT W.P. 280 BAR LOW TEMP 371;Parker;371LT-16;280;;;;;;;;
0372-06;NO-SKIVE 9.5MM (3/8) DN10 COMPACT W.P. 445 BAR 372-6;Parker;372-6;445;23000-06MM;23,2;;26;;;;
0372-08;NO-SKIVE 12.7MM (1/2) DN12 COMPACT 4SP W.P. 415 BAR;Parker;372-8;415;23000-08MM;26,5;;28;;;;
0372-10;NO-SKIVE 15.9MM (5/8) DN16 COMPACT 4SP W.P. 350 BAR;Parker;372-10;350;23000-10MM;30,1;;31;;;;
0372-12;NO-SKIVE 19.1MM (3/4) DN20 COMPACT 4SP W.P. 350 BAR;Parker;372-12;350;23000-12MM;33,8;;33;;;;
0372-16;NO-SKIVE 25.4MM (1) DN25 COMPACT 4SP W.P. 280 BAR;Parker;372-16;280;23000-16MM;42,3;;48;;;;
0372TC-06;NO-SKIVE 9.5MM (3/8) DN10 T.C. COMPACT W.P. 445 BAR;Parker;372TC-6;445;23000-06MM;23,2;;26;;;;
0372TC-08;NO-SKIVE 12.7MM (1/2) DN12 T.C. COMPACT W.P. 415 BAR;Parker;372TC-8;415;23000-08MM;26,5;;28;;;;
0372TC-10;NO-SKIVE 15.9MM (5/8) DN16 T.C. COMPACT W.P. 350 BAR;Parker;372TC-10;350;23000-10MM;30,1;;31;;;;
0372TC-12;NO-SKIVE 19.1MM (3/4) DN20 T.C. COMPACT W.P. 350 BAR;Parker;372TC-12;350;23000-12MM;33,8;;33;;;;
0372TC-16;NO-SKIVE 25.4MM (1) DN25 T.C. COMPACT W.P. 280 BAR;Parker;372TC-16;280;23000-16MM;42,3;;48;;;;
0387-04;NO-SKIVE 6.3MM (1/4) DN06 T.C. COMP. SPIRAL W.P. 21.0 MPa;Parker;387-4;210;;;;;;;;
0387-06;NO-SKIVE 9.5MM (3/8) DN10 COMP. SPIRAL W.P. 21.0 MPa;Parker;387-6;210;;;;;;;;
0387-08;NO-SKIVE 12.7MM (1/2) DN12 COMP. SPIRAL W.P. 21.0 MPa;Parker;387-8;210;;;;;;;;
0387-10;NO-SKIVE 15.9 MM (5/8) DN16 COMP. SPIRAL W.P. 21.0 MPa;Parker;387-10;210;;;;;;;;
0387-12;NO-SKIVE 19.1MM (3/4) DN20 COMP. SPIRAL W.P. 21.0 MPa;Parker;0387-12;210;;;;;;;;
0387-16;NO-SKIVE 25.4MM (1) DN25 COMP. SPIRAL W.P. 21.0 MPa;Parker;387-16;210;;;;;;;;
0387-20;NO-SKIVE 31.8MM (1-1/4) DN32 COMP. SPIRAL W.P. 21.0 MPa;Parker;0387-20;210;;;;;;;;
0387ST-04;NO-SKIVE 6.4MM (1/4) DN06 S.T. COMP. SPIRAL W.P. 21.0 MPa;Parker;387ST-4;210;;;;;;;;
0387ST-06;NO-SKIVE 9.5MM (3/8) DN10 S.T. COMP. SPIRAL W.P. 21.0 MPa;Parker;387ST-6;210;;;;;;;;
0387ST-08;NO-SKIVE 12.0MM (1/2) DN12 S.T. COMP. SPIRAL W.P. 21.0 MPa;Parker;387ST-8;210;;;;;;;;
0387ST-10;NO-SKIVE 16 MM (5/8) DN16 COMP. SPIRAL W.P. 21.0 MPa;Parker;387ST-10;210;;;;;;;;
0387ST-12;NO-SKIVE 19.1MM (3/4) DN20 COMP. SPIRAL W.P. 21.0 MPa;Parker;387ST-12;210;;;;;;;;
0387ST-16;NO-SKIVE 25.4MM (1) DN25 S.T. CLOBALCORE W.P. 210 BAR;Parker;387ST-16;210;;;;;;;;
0387ST-20;NO-SKIVE 31.8MM (11/4) DN31 S.T. CLOBALCORE W.P. 210 BAR;Parker;387ST-20;210;;;;;;;;
0387ST-24;NO-SKIVE 38.1MM (11/2) DN38 COMP. SPIRAL W.P. 21.0 MPa;Parker;387ST-24;210;;;;;;;;
0387ST-32;NO-SKIVE 50.8 MM (2) DN51 S.T. CLOBALCORE W.P. 210 BAR;Parker;387ST-32;210;;;;;;;;
0387TC-04;NO-SKIVE 6.3MM (1/4) DN06 T.C. COMP. SPIRAL W.P. 21.0 MPa;Parker;387TC-4;210;;;;;;;;
0387TC-06;NO-SKIVE 9.5MM (3/8) DN10 T.C. COMP. SPIRAL W.P. 21.0 MPa;Parker;387TC-6;210;;;;;;;;
0387TC-08;NO-SKIVE 12.7MM (1/2) DN12 T.C. COMP. SPIRAL W.P. 21.0 MPa;Parker;387TC-8;210;;;;;;;;
0387TC-10;NO-SKIVE 15.9MM (5/8) DN16 T.C. COMP. SPIRAL W.P. 21.0 MPa;Parker;0387tc-10;210;;;;;;;;
0387TC-12;NO-SKIVE 19.1MM (3/4) DN20 COMP. SPIRAL W.P. 21.0 MPa;Parker;387TC-12;210;;;;;;;;
0387TC-16;NO-SKIVE 25.4MM (1) DN25 T.C. COMP. SPIRAL W.P. 21.0 MPa;Parker;387TC-16;210;;;;;;;;
0387TC-20;NO-SKIVE 31.8MM (1-1/4) DN32 T.C. COMP. SPIRAL W.P. 21.0 MPa;Parker;387TC-20;210;;;;;;;;
0387TC-24;NO-SKIVE 38.1MM (1-1/2) DN38 T.C. COMP. SPIRAL W.P. 21.0 MPa;Parker;387TC-24;210;;;;;;;;
0387TC-32;NO-SKIVE 50.8MM (2) DN50 T.C. COMP. SPIRAL W.P. 21.0 MPa;Parker;387TC-32;210;;;;;;;;
0412-03;NO-SKIVE 4.6MM (3/16) DN05 PILOTHOSE 1 WIRE W.P. 120 BAR;Parker;412-3;120;;;;;;;;
0412-04;NO-SKIVE 6.3MM (1/4) DN06 PILOTHOSE 1 WIRE W.P. 120 BAR 412;Parker;412-4;120;;;;;;;;
0421-04;301SN NO-SKIVE 6.3MM (1/4) DN06 R2AT W.P. 400 BAR;Parker;301SN-4;400;13001-04MM;17,5;;;;;;
0421-05;301SN NO-SKIVE 7.9MM (5/16) DN08 R2AT W.P. 350 BAR;Parker;301SN-5;350;13001-05MM;19,4;;;;;;
0421-06;301SN NO-SKIVE 9.5MM (3/8) DN10 R2AT W.P. 330 BAR;Parker;301SN-6;330;13001-06MM;20,9;;;;;;
0421-08;301SN NO-SKIVE 12.7MM (1/2) DN12 R2AT 2SN W.P. 275 BAR;Parker;301SN-8;275;13001-08MM;25,1;;;;;;
0421-10;301SN NO-SKIVE 15.9MM (5/8) DN16 R2AT W.P. 250 BAR;Parker;301SN-10;250;13001-10MM;28,5;;;;;;
0421-12;301SN NO-SKIVE 19.1MM (3/4) DN20 R2AT W.P. 215 BAR;Parker;301SN-12;215;13001-12MM;32,3;;;;;;
0421-16;301SN NO-SKIVE 25.4MM (1) DN25 R2AT W.P. 165 BAR;Parker;301SN-16;165;13001-16MM;40,8;;;;;;
0421-20;301SN NO-SKIVE 31.8MM (1-1/4) DN32 R2AT W.P. 125 BAR;Parker;301SN-20;125;13001-20MM;50,9;;;;;;
0421-24;301SN NO-SKIVE 38.1MM (1-1/2) DN40 R2AT W.P. 90 BAR;Parker;301SN-24;90;13001-24MM;58;;;;;;
0421-32;301SN NO-SKIVE 50.8MM (2) DN50 R2AT W.P. 80 BAR;Parker;301SN-32;80;13001-32MM;70,8;;;;;;
0422-06;3SC HOSE 9.5MM (3/8) DN10 COMPACT W.P. 500 BAR;Interpump;THE003K-06;500;;;;;;;;
0422-08;3SK HOSE 12.7MM (1/2) DN12 COMPACT W.P. 475 BAR;Interpump;THE003K-08;475;;;;;;;;
0422-10;3SK HOSE 15.9MM (5/8) DN16 COMPACT W.P. 420 BAR;Interpump;THE003K-10;420;;;;;;;;
0422-12;3SK HOSE 19.0MM (3/4) DN20 COMPACT W.P. 380 BAR;Interpump;THE003K-12;380;;;;;;;;
0422-16;3SK HOSE 25.4MM (1) DN25 COMPACT W.P. 315 BAR;Interpump;THE003K-16;315;;;;;;;;
0422-56;4SK HOSE (31/2) DN89 COMPACT W.P.80 BAR;Hydrasun;H10091089;80;;;;;;;;
0422-64;4SK HOSE 102MM (4) DN102 COMPACT W.P. 35 BAR;Hydrasun;H10091102MWC9;35;;;;;;;;
0424-04;NO-SKIVE LONGLIFE 2SC DN06 W.P. 430 BAR;Interpump;THE202K-04;430;13002-04MM;15,5;;;;;;
0424-05;NO-SKIVE LONGLIFE 2SC DN08 W.P. 400 BAR;Interpump;THE202K-05;400;13002-05MM;17,8;;;;;;
0424-06;NO-SKIVE LONGLIFE 2SC DN10 W.P. 350 BAR;Interpump;THE202K-06;350;13002-06MM;20,4;;;;;;
0424-08;NO-SKIVE LONGLIFE 2SC DN12 W.P. 310 BAR;Interpump;THE202K-08;310;13002-08MM;23;;;;;;
0424-10;NO-SKIVE LONGLIFE 2SC DN16 W.P. 280 BAR;Interpump;THE202K-10;280;13002-10MM;26,8;;;;;;
0424-12;NO-SKIVE LONGLIFE 2SC DN20 W.P. 240 BAR;Interpump;THE202K-12;240;13002-12MM;30,7;;;;;;
0424-16;NO-SKIVE LONGLIFE 2SC DN25 W.P. 185 BAR;Interpump;THE202K-16;185;13002-16MM;38,6;;;;;;
0424-20;NO-SKIVE LONGLIFE 2SC DN32 W.P. 160 BAR;Interpump;THE202K-20;160;13002-20MM;46,9;;;;;;
0424-24;NO-SKIVE LONGLIFE 2SC DN40 W.P. 150 BAR;Interpump;THE202K-24;150;13002-24MM;55;;;;;;
0424-32;NO-SKIVE LONGLIFE 2SC DN50 W.P. 100 BAR;Interpump;THE202K-32;100;13002-32MM;67,8;;;;;;
0424-40;NO-SKIVE LONGLIFE 2SC DN63 W.P. 80 BAR;Interpump;THE202K-40;80;13002-40MM;81,2;;;;;;
0424-48;NO-SKIVE LONGLIFE 2SC DN76 W.P. 65 BAR;Interpump;THE202K-48;65;13002-48MM;92,6;;;;;;
0425-03;NO-SKIVE 4.8MM (3/16) DN05 SAE100R2AT 2SN W.P. 415 BAR;Interpump;TFD0021-03;415;13001-03MM;15,9;;;;;;
0425-04;NO-SKIVE 6.3MM (1/4) DN06 SAE100R2AT 2SN W.P. 400 BAR;Interpump;TFD2022-04;400;13001-04MM;16,9;;;;;;
0425-05;NO-SKIVE 7.9MM (5/16) DN08 SAE100R2AT 2SN W.P. 350 BAR;Interpump;TFD2022-05;350;13001-05MM;18,8;;;;;;
0425-06;NO-SKIVE 9.5MM (3/8) DN10 SAE100R2AT 2SN W.P. 330 BAR;Interpump;TFD2022-06;330;13001-06MM;20,5;;;;;;
0425-08;NO-SKIVE 12.7MM (1/2) DN12 SAE100R2AT 2SN W.P. 275 BAR;Interpump;TFD2022-08;275;13001-08MM;24,4;;;;;;
0425-10;NO-SKIVE 15.9MM (5/8) DN16 SAE100R2AT 2SN W.P. 250 BAR;Interpump;TFD2022-10;250;13001-10MM;27,9;;;;;;
0425-12;NO-SKIVE 19.1MM (3/4) DN20 SAE100R2AT 2SN W.P. 215 BAR;Interpump;TFD2022-12;215;13001-12MM;32,1;;;;;;
0425-16;NO-SKIVE 25.4MM (1) DN25 SAE100R2AT 2SN W.P. 165 BAR;Interpump;TFD2022-16;165;13001-16MM;39,6;;;;;;
0425-20;NO-SKIVE 31.8MM (1-1/4) DN32 SAE100R2AT 2SN W.P. 125 BAR;Interpump;TFD0022-20;125;13001-20MM;48,6;;;;;;
0425-24;NO-SKIVE 38.1MM (1-1/2) DN40 SAE100R2AT 2SN W.P. 90 BAR;Interpump;TFD0022-24;90;13001-24MM;56,4;;;;;;
0425-32;NO-SKIVE 50.8MM (2) DN50 SAE100R2AT 2SN W.P. 80 BAR;Interpump;TFD0021-32;80;13001-32MM;69,5;;;;;;
0426-04;NO-SKIVE 6.3MM (1/4) DN06 SAE100R1AT W.P. 192 BAR BLUE 426-4;Parker;426-4-RL;192;13002-04MM;15,5;;;;;;
0426-06;NO-SKIVE 9.5MM (3/8) DN10 SAE100R1AT W.P. 157 BAR BLUE 426-6;Parker;426-6-RL;157;13002-06MM;20,4;;;;;;
0426-08;NO-SKIVE 12.7MM (1/2) DN12 SAE100R1AT W.P. 140 BAR BLUE 426-;Parker;426-8-RL;140;13002-08MM;23,4;;;;;;
0426-10;NO-SKIVE 15.9MM (5/8) DN16 SAE100R1AT W.P. 105 BAR BLUE 426-;Parker;426-10-RL;105;13002-10MM;26,8;;;;;;
0426-12;NO-SKIVE 19.1MM (3/4) DN20 SAE100R1AT W.P. 87 BAR BLUE 426-1;Parker;426-12-RL;87;13002-12MM;31;;;;;;
0426-16;NO-SKIVE 25.4MM (1) DN25 SAE100R1AT W.P. 70 BAR BLUE 426-16-;Parker;426-16;70;13002-16MM;38,8;;;;;;
0426-20;NO-SKIVE 31.8MM (1-1/4) DN32 SAE100R1AT W.P. 43 BAR BLUE 426;Parker;426-20;43;13002-20MM;48;;;;;;
0426-24;NO-SKIVE 38.1MM (1-1/2) DN40 SAE100R1AT W.P. 35 BAR BLUE 426;Parker;426-24;35;13002-24MM;55,2;;;;;;
0426-32;NO-SKIVE 50.8MM (2) DN50 SAE100R1AT W.P. 26 BAR BLUE 426-32;Parker;426-32;26;13002-32MM;68,4;;;;;;
0427-04;MTR SLANG JACKMASTER;Polimer Kaucuk;H320006073;;13001-04MM;;;;;;;
0427-04M;MTR SLANG JACKMASTER MANULI;Manuli;0427-04;;M03400-04;;;;;;;
0427-06;MTR SLANG JACKMASTER;Manuli;0427-06;;M03400-06;;;;;;;
0428-04;NO-SKIVE 6.3MM (1/4) DN06 SAE100R2A 2SN W.P. 400 BAR;Interpump;TFD0022-04;400;0022-04MM;16,9;;;;;;
0428-05;NO-SKIVE 7.9MM (5/16) DN08 SAE100R2A 2SN W.P. 350 BAR;Interpump;TFD0022-05;350;0022-05MM;18,8;;;;;;
0428-06;NO-SKIVE 9.5MM (3/8) DN10 SAE100R2A 2SN W.P. 330 BAR;Interpump;TFD0022-06;330;0022-06MM;20,5;;;;;;
0428-08;NO-SKIVE 12.7MM (1/2) DN12 SAE100R2A 2SN W.P. 275 BAR;Interpump;TFD0022-08;275;0022-08MM;24,4;;;;;;
0428-10;NO-SKIVE 15.9MM (5/8) DN16 SAE100R2A 2SN W.P. 250 BAR;Interpump;TFD0022-10;250;0022-10MM;27,9;;;;;;
0428-12;NO-SKIVE 19.1MM (3/4) DN20 SAE100R2A 2SN W.P. 215 BAR;Interpump;TFD0022-12;215;0022-12MM;32,1;;;;;;
0429-04;NO-SKIVE 6.3MM (1/4) DN06 COMPACT 2SC W.P. 400 BAR;Interpump;TFE202K-04;400;13002-04MM;15,5;;;;;;
0429-05;NO-SKIVE 8.0MM (5/16) DN08 COMPACT 2SC W.P. 350 BAR;Interpump;TFE202K-05;350;13002-05MM;17,8;;;;;;
0429-06;NO-SKIVE 9.5MM (3/8) DN10 COMPACT 2SC W.P. 330 BAR;Interpump;TFE202K-06;330;13002-06MM;20,4;;;;;;
0429-08;NO-SKIVE 12.7MM (1/2) DN12 COMPACT 2SC W.P. 275 BAR;Interpump;TFE202K-08;275;13002-08MM;23;;;;;;
0429-10;NO-SKIVE 15.9MM (5/8) DN16 COMPACT 2SC.W.P.250 BAR;Interpump;TFE202K-10;250;13002-10MM;26,8;;;;;;
0429-12;NO-SKIVE 19.1MM (3/4) DN20 COMPACT 2SC.W.P.215 BAR;Interpump;TFE202K-12;215;13002-12MM;30,7;;;;;;
0429-16;NO-SKIVE 25.4MM (1) DN25 COMPACT 2SC W.P. 165 BAR;Interpump;TFE202K-16;165;13002-16MM;38,6;;;;;;
0436-06;NO-SKIVE 9.5MM (3/8) DN10 SAE100R16 W.P. 275 BAR BLUE 436-6-;Parker;436-6-BLU-RL;275;;;;;13002-06MM;20,4;;
0436-08;NO-SKIVE 12.7MM (1/2) DN12 SAE100R16 W.P. 240 BAR BLUE 436-8;Parker;436-8-BLU-RL;240;;;;;13002-08MM;23;;
0436-10;NO-SKIVE 15.9MM (5/8) DN16 SAE100R16 W.P. 190 BAR BLUE;Parker;436-10-BLU-RL;190;;;;;13002-10MM;26,8;;
0436-12;NO-SKIVE 19.1MM (3/4) DN20 SAE100R16 W.P. 155 BAR BLUE 436-1;Parker;436-12-BLU-RL;155;;;;;13002-12MM;30,7;;
0436-16;NO-SKIVE 25.4MM (1) DN25 SAE100R16 W.P. 138 BAR BLUE 436-16-;Parker;436-16-BLU-RL;138;;;;;13002-16MM;38,6;;
0461LT-04;NO-SKIVE 6.3MM (1/4) DN06 L.T. COMPACT 2SC W.P. 425 BAR;Parker;461LT-4;425;;;;;;;;
0461LT-05;NO-SKIVE 7.9MM (5/16) DN08 L.T. COMPACT 2SC W.P. 400 BAR;Parker;461LT-5;400;;;;;;;;
0461LT-06;NO-SKIVE 9.5MM (3/8) DN10 L.T. COMPACT 2SC W.P. 350 BAR;Parker;461LT-6;350;;;;;;;;
0461LT-08;NO-SKIVE 12.7MM (1/2) DN12 L.T. COMPACT 2SC W.P. 310 BAR;Parker;461LT-8;310;;;;;;;;
0461LT-10;NO-SKIVE 15.9MM (5/8) DN16 L.T. COMPACT 2SC W.P. 280 BAR;Parker;461LT-10;280;;;;;;;;
0461LT-12;NO-SKIVE 19.1MM (3/4) DN20 L.T. COMPACT 2SC W.P. 280 BAR;Parker;461LT-12;280;;;;;;;;
0461LT-16;NO-SKIVE 25.4MM (1) DN25 L.T. COMPACT 2SC W.P. 210 BAR;Parker;461LT-16;210;;;;;;;;
0462-04;NO-SKIVE 6.3MM (1/4) DN06 COMPACT 2SC W.P. 425 BAR 462-4;Parker;462-4;425;13001-04MM;16,7;;;13002-04MM;15,5;;
0462-05;NO-SKIVE 7.9MM (5/16) DN08 COMPACT 2SC W.P. 400 BAR 462-5;Parker;462-5;400;13001-05MM;18,7;;;13002-05MM;17,8;;
0462-05-05;NO-SKIVE 7.9MM (5/16) DN08 COMPACT 2SC W.P. 400 BAR TWIN 462;Parker;462-5-5;400;;;;;;;;
0462-06;NO-SKIVE 9.5MM (3/8) DN10 COMPACT 2SC W.P. 350 BAR 462-6;Parker;462-6;350;13001-06MM;20,1;;;13002-06MM;20,4;;
0462-06-06;NO-SKIVE 9.5MM (3/8) DN10 COMPACT 2SC W.P. 350 BAR TWIN 461-;Parker;462-6-6;350;;;;;;;;
0462-08;NO-SKIVE 12.7MM (1/2) DN12 COMPACT 2SC W.P. 310 BAR 462-8;Parker;462-8;310;13001-08MM;24,3;;;13002-08MM;23;;
0462-08-08;NO-SKIVE 12.7MM (1/2) DN12 COMPACT 2SC W.P. 310 BAR TWIN 461;Parker;462-8-8;310;;;;;;;;
0462-10;NO-SKIVE 15.9MM (5/8) DN16 COMPACT 2SC W.P. 280 BAR 462-10;Parker;462-10;280;13001-10MM;27,7;;;13002-10MM;26,8;;
0462-12;NO-SKIVE 19.1MM (3/4) DN20 COMPACT 2SC W.P. 280 BAR 462-12;Parker;462-12;280;13001-12MM;31,4;;;13002-12MM;30,7;;
0462-16;NO-SKIVE 25.4MM (1) DN25 COMPACT 2SC W.P. 210 BAR 462-16;Parker;462-16;210;13001-16MM;39,6;;;13002-16MM;38,6;;
0462-20;NO-SKIVE 31.8MM (1-1/4) DN32 COMPACT 2SC W.P. 172 BAR 462-20;Parker;462-20;172;13001-20MM;47,2;;;13002-20MM;46,9;;
0462PU-04;NO-SKIVE 6.3MM (1/4) DN06 PU COMPACT 2SC W.P. 425 BAR;Parker;462PU-4;425;13001-04MM;16,7;;;13002-04MM;15,5;;
0462PU-04-04;NO-SKIVE 6.3MM (1/4) DN06 PU COMPACT 2SC W.P. 425 BAR TWIN;Parker;462PU-4-4;425;;;;;;;;
0462PU-05;NO-SKIVE 7.9MM (5/16) DN08 PU COMPACT 2SC W.P. 400 BAR;Parker;462PU-5;400;13001-05MM;18,7;;;13002-05MM;17,8;;
0462PU-05-05;NO-SKIVE 7.9MM (5/16) DN08 PU COMPACT 2SC W.P. 400 BAR TWIN;Parker;462PU-5-5;400;;;;;;;;
0462PU-06;NO-SKIVE 9.5MM (3/8) DN10 PU COMPACT 2SC W.P. 350 BAR;Parker;462PU-6;350;13001-06MM;20,1;;;13002-06MM;20,4;;
0462PU-06-06;NO-SKIVE 9.5MM (3/8) DN10 PU COMPACT 2SC W.P. 350 BAR TWIN;Parker;462PU-6-6;350;;;;;;;;
0462PU-08;NO-SKIVE 12.7MM (1/2) DN12 PU COMPACT 2SC W.P. 310 BAR;Parker;462PU-8;310;13001-08MM;24,3;;;13002-08MM;23;;
0462PU-08-08;NO-SKIVE 12.7MM (1/2) DN12 PU COMPACT 2SC W.P. 310 BAR TWIN;Parker;462PU-8-8;310;;;;;;;;
0462PU-10;NO-SKIVE 15.9MM (5/8) DN16 PU COMPACT 2SC W.P. 280 BAR;Parker;462PU-10;280;13001-10MM;27,7;;;13002-10MM;26,8;;
0462ST-04;NO-SKIVE 6.3MM (1/4) DN06 S.T. COMPACT 2SC W.P. 425 BAR 462S;Parker;462ST-4;425;13001-04MM;16,7;;;13002-04MM;15,5;;
0462ST-05;NO-SKIVE 7.9MM (5/16) DN08 S.T. COMPACT 2SC W.P. 400 BAR 462;Parker;462ST-5;400;13001-05MM;18,7;;;13002-05MM;17,8;;
0462ST-06;NO-SKIVE 9.5MM (3/8) DN10 S.T. COMPACT 2SC W.P. 350 BAR 462S;Parker;462ST-6;350;13001-06MM;20,1;;;13002-06MM;20,4;;
0462ST-08;NO-SKIVE 12.7MM (1/2) DN12 S.T. COMPACT 2SC W.P. 310 BAR 462;Parker;462ST-8;310;13001-08MM;24,3;;;13002-08MM;23;;
0462ST-10;NO-SKIVE 15.9MM (5/8) DN16 S.T. COMPACT 2SC W.P. 280 BAR 462;Parker;462ST-10;280;13001-10MM;27,7;;;13002-10MM;26,8;;
0462ST-12;NO-SKIVE 19.1MM (3/4) DN20 S.T. COMPACT 2SC W.P. 280 BAR 462;Parker;462ST-12;280;13001-12MM;31,4;;;13002-12MM;30,7;;
0462ST-16;NO-SKIVE 25.4MM (1) DN25 S.T. COMPACT 2SC W.P. 210 BAR 462ST;Parker;462ST-16;210;13001-16MM;39,6;;;13002-16MM;38,6;;
0462ST-20;NO-SKIVE 31.8MM (1-1/4) DN32 S.T. COMPACT 2SC W.P. 172 BAR 4;Parker;462ST-20;172;13001-20MM;47,2;;;13002-20MM;46,9;;
0462TC-04;NO-SKIVE 6.3MM (1/4) DN06 T.C. COMPACT 2SC W.P. 425 BAR 462T;Parker;462TC-4;425;13001-04MM;16,7;;;13002-04MM;15,5;;
0462TC-05;NO-SKIVE 7.9MM (5/16) DN08 T.C. COMPACT 2SC W.P. 400 BAR 462;Parker;462TC-5;400;13001-05MM;18,7;;;13002-05MM;17,8;;
0462TC-06;NO-SKIVE 9.5MM (3/8) DN10 T.C. COMPACT 2SC W.P. 350 BAR 462T;Parker;462TC-6;350;13001-06MM;20,1;;;13002-06MM;20,4;;
0462TC-08;NO-SKIVE 12.7MM (1/2) DN12 T.C. COMPACT 2SC W.P. 310 BAR 462;Parker;462TC-8;310;13001-08MM;24,3;;;13002-08MM;23;;
0462TC-10;NO-SKIVE 15.9MM (5/8) DN16 T.C. COMPACT 2SC W.P. 280 BAR 462;Parker;462TC-10;280;13001-10MM;27,7;;;13002-10MM;26,8;;
0462TC-12;NO-SKIVE 19.1MM (3/4) DN20 T.C. COMPACT 2SC W.P. 280 BAR 462;Parker;462TC-12;280;13001-12MM;31,4;;;13002-12MM;30,7;;
0462TC-16;NO-SKIVE 25.4MM (1) DN25 T.C. COMPACT 2SC W.P. 210 BAR 462TC;Parker;462TC-16;210;13001-16MM;39,6;;;13002-16MM;38,6;;
0462TC-20;NO-SKIVE 31.8MM (1-1/4) DN32 T.C. COMPACT 2SC W.P. 172 BAR 4;Parker;462TC-20;172;13001-20MM;47,2;;;13002-20MM;46,9;;
0462TC-24;NO-SKIVE 38.1MM (1-1/2) DN38 T.C. COMPACT 2SC W.P. 146 BAR;Parker;462TC-24;146;;;;;13002-24MM;;;
0462TC-32;NO-SKIVE 50.8MM (2) DN50 T.C. COMPACT 2SC W.P. 112 BAR 462TC;Parker;462TC-32;112;;;;;13002-32MM;;;
0462TC-40;NO-SKIVE 63.5MM (2-1/2) DN63 T.C. COMPACT 2SC W.P. 70 BAR 46;Parker;462TC-40;70;;;;;13002-40MM;;;
0462TC-48;NO-SKIVE 76.2MM (3) DN75 T.C. COMPACT 2SC W.P. 70 BAR;Parker;462TC-48;70;;;;;13002-48MM;;;
0463-05;NO-SKIVE 7.9MM (5/16) DN08 COMPACT 2SC W.P. 400 BAR BLUE 463;Parker;463-5-BLU;400;13000-05;19;;23;;;;
0463-06;NO-SKIVE 9.5MM (3/8) DN10 COMPACT 2SC W.P. 400 BAR BLUE 463-;Parker;463-6-BLU-GT80;400;13000-06;20,8;;24;;;;
0463-08;NO-SKIVE 12.7MM (1/2) DN12 COMPACT 2SC W.P. 350 BAR BLUE 463;Parker;463-8-BLU;350;13000-08;24,4;;26;;;;
0477-04;NO-SKIVE 6.3MM (1/4) DN10 POWERLIFT W.P. 450 BAR 477-4;Parker;477-4;450;;;;;13002-04MM;15,5;;
0477-05;NO-SKIVE 7.9MM (5/16) DN08 POWERLIFT W.P. 425 BAR 477-5;Parker;477-5;425;;;;;13002-05MM;17,8;;
0477-06;NO-SKIVE 9.5MM (3/8) DN10 POWERLIFT W.P. 400 BAR 477-6;Parker;477-6;400;;;;;13002-06MM;20,4;;
0477-08;NO-SKIVE 12.7MM (1/2) DN12 POWERLIFT W.P. 380 BAR 477-8;Parker;477-8;380;;;;;13002-08MM;23;;
0477-10;NO-SKIVE 15.9MM (5/8) DN16 POWERLIFT W.P. 350 BAR 477-10;Parker;477-10;350;;;;;13002-10MM;26,8;;
0477-12;NO-SKIVE 19.1MM (3/4) DN20 POWERLIFT W.P. 350 BAR 477-12;Parker;477-12;350;;;;;13002-12MM;30,7;;
0477-16;NO-SKIVE 25.4MM (1) DN25 POWERLIFT W.P. 250 BAR 477-16;Parker;477-16;280;;;;;13002-16MM;38,6;;
0477TC-04;NO-SKIVE 6.3MM (1/4) DN10 T.C. POWERLIFT W.P. 450 BAR;Parker;477TC-4;450;;;;;13002-04MM;15,5;;
0477TC-05;NO-SKIVE 7.9MM (5/16) DN08 T.C. POWERLIFT W.P. 425 BAR;Parker;477TC-5;425;;;;;13002-05MM;17,8;;
0477TC-06;NO-SKIVE 9.5MM (3/8) DN10 T.C. POWERLIFT W.P. 400 BAR;Parker;477TC-6;400;;;;;13002-06MM;20,4;;
0477TC-08;NO-SKIVE 12.7MM (1/2) DN12 T.C. POWERLIFT W.P. 380 BAR;Parker;477TC-8;380;;;;;13002-08MM;23;;
0477TC-10;NO-SKIVE 15.9MM (5/8) DN16 T.C.POWERLIFT W.P. 350 BAR;Parker;477TC-10;350;;;;;13002-10MM;26,8;;
0477TC-12;NO-SKIVE 19.1MM (3/4) DN20 POWERLIFT W.P. 350 BAR;Parker;477TC-12;350;;;;;13002-12MM;30,7;;
0477TC-16;NO-SKIVE 25.4MM (1) DN25 T.C. POWERLIFT W.P. 280 BAR;Parker;477TC-16;280;;;;;13002-16MM;38,6;;
0487-04;NO-SKIVE 6.4MM (1/4) DN06 S.T. GLOBAL . SPIRAL W.P. 28.0 MPa;Parker;487-4;280;;;;;;;;
0487-08;NO-SKIVE 12.7MM (1/2) DN13. COMP. SPIRAL W.P. 28.0 MPa;Parker;487-08;280;;;;;;;;
0487-16;NO-SKIVE 25MM (1) DN25. COMP. SPIRAL W.P. 28.0 MPa;Parker;487-16;280;;;;;;;;
0487ST-04;NO-SKIVE 6.4MM (1/4) DN06 S.T. GLOBAL . SPIRAL W.P. 28.0 MPa;Parker;487ST-4;280;;;;;;;;
0487ST-06;NO-SKIVE 9.5MM (3/8) DN10 T.C. GLOBALCORE W.P. 280 BAR;Parker;487ST-6;280;;;;;;;;
0487ST-08;NO-SKIVE 12.7MM (1/2) DN12 S.T. GLOBAL CORE W.P. 280 BAR;Parker;487ST-8;280;;;;;;;;
0487ST-10;NO-SKIVE 15.9MM (5/8) DN16 S.T. CLOBALCORE W.P. 280 BAR;Parker;487ST-10;280;;;;;;;;
0487ST-12;NO-SKIVE 19.1MM (3/4) DN19 S.T. CLOBALCORE W.P. 280 BAR;Parker;487ST-12;280;;;;;;;;
0487ST-16;NO-SKIVE 25.4MM (1) DN25 S.T. CLOBALCORE W.P. 280 BAR;Parker;487ST-16;280;;;;;;;;
0487ST-20;NO-SKIVE 31.8 MM (11/4) DN31 S.T. CLOBALCORE W.P. 280 BAR;Parker;487ST-20;280;;;;;;;;
0487ST-24;NO-SKIVE 38.1 MM (11/2) DN38 S.T. CLOBALCORE W.P. 280 BAR;Parker;487ST-24;280;;;;;;;;
0487ST-32;NO-SKIVE 50.8 MM (2) DN51 S.T. CLOBALCORE W.P. 280 BAR;Parker;487ST-32;280;;;;;;;;
0487TC-04;NO-SKIVE 6.4MM (1/4) DN06 T.C. COMP. SPIRAL W.P. 28.0 MPa;Parker;487TC-4;280;;;;;;;;
0487TC-06;NO-SKIVE 9.5MM (3/8) DN10 T.C. COMP. SPIRAL W.P. 28.0 MPa;Parker;487TC-6;280;;;;;;;;
0487TC-08;NO-SKIVE 12.7MM (1/2) DN12 T.C. COMP. SPIRAL W.P. 28.0 MPa;Parker;487TC-8;280;;;;;;;;
0487TC-10;NO-SKIVE 15.9MM (5/8) DN16 T.C. GLOBALCORE W.P. 280 BAR;Parker;487TC-10;280;;;;;;;;
0487TC-12;NO-SKIVE 19.1MM (3/4) DN20 T.C. COMP. SPIRAL W.P. 28.0 MPa;Parker;487TC-12;280;;;;;;;;
0487TC-16;NO-SKIVE 25.4MM (1) DN25 T.C. COMP. SPIRAL W.P. 28.0 MPa;Parker;487TC-16;280;;;;;;;;
0487TC-20;NO-SKIVE 31.8MM (1-1/4) DN32 T.C. COMP. SPIRAL W.P. 28.0 MPa;Parker;487TC-20;280;;;;;;;;
0487TC-24;NO-SKIVE 38.1MM (1-1/2) DN38 T.C. COMP. SPIRAL W.P. 28.0 MPa;Parker;487TC-24;280;;;;;;;;
0487TC-32;NO-SKIVE 50.8MM (2) DN50 T.C. COMP. SPIRAL W.P. 28.0 MPa;Parker;487TC-32;280;;;;;;;;
0492-04;NO-SKIVE 6.3MM (1/4) DN06 COMPACT 1SC W.P. 280 BAR;Parker;492-4;280;13002-04MM;15,1;;;13002-04;14,6;;
0492-05;NO-SKIVE 7.9MM (5/16) DN08 COMPACT 1SC W.P. 250 BAR 492-5;Parker;492-5;250;13002-05MM;16,9;;;13002-05;16,7;;
0492-06;NO-SKIVE 9.5MM (3/8) DN10 COMPACT 1SC W.P. 225 BAR 492-6;Parker;492-6;225;13002-06MM;19,4;;;13002-06;18,5;;
0492-08;NO-SKIVE 12.7MM (1/2) DN12 COMPACT 1SC W.P. 190 BAR 492-08;Parker;492-8-GT100;190;13002-08MM;22,1;;;13002-08;22,3;;
0492-10;NO-SKIVE 15.9MM (5/8) DN16 COMPACT 1SC W.P. 150 BAR 492-10;Parker;492-10;150;13002-10MM;26;;;13002-10;24,9;;
0492-12;NO-SKIVE 19.1MM (3/4) DN20 COMPACT 1SC W.P. 150 BAR 492-12;Parker;492-12;150;13002-12MM;29,8;;;13002-12;28,7;;
0492-16;NO-SKIVE 25.4MM (1) DN25 COMPACT 1SC W.P. 110 BAR 492-16;Parker;492-16;110;13002-16MM;37,4;;;;;;
0492-20;NO-SKIVE 31.8MM (1-1/4) DN32 COMPACT 1SC W.P. 75 BAR 492-20;Parker;492-20-WR;75;;;;;;;;
0492ST-04;NO-SKIVE 6.3MM (1/4) DN06 COMPACT S.T. 1SC W.P. 280 BAR 492S;Parker;492ST-4;280;13002-04MM;15,1;;;13002-04;14,6;;
0492ST-05;NO-SKIVE 7.9MM (5/16) DN08 COMPACT S.T. 1SC W.P. 250 BAR 492;Parker;492ST-5;250;13002-05MM;16,9;;;13002-05;16,7;;
0492ST-06;NO-SKIVE 9.5MM (3/8) DN10 COMPACT S.T. 1SC W.P. 225 BAR 492S;Parker;492ST-6;225;13002-06MM;19,4;;;13002-06;18,5;;
0492ST-08;NO-SKIVE 12.7MM (1/2) DN12 COMPACT S.T. 1SC W.P. 190 BAR 492;Parker;492ST-8;190;13002-08MM;22,1;;;13002-08;22,3;;
0492ST-10;NO-SKIVE 15.9MM (5/8) DN16 COMPACT S.T. 1SC W.P. 150 BAR 492;Parker;492ST-10;150;13002-10MM;26;;;13002-10;24,9;;
0492ST-12;NO-SKIVE 19.1MM (3/4) DN20 COMPACT S.T. 1SC W.P. 150 BAR 492;Parker;492ST-12;150;13002-12MM;29,8;;;13002-12;28,7;;
0492ST-16;NO-SKIVE 25.4MM (1) DN25 COMPACT S.T. 1SC W.P. 110 BAR 492ST;Parker;492ST-16;110;13002-16MM;37,4;;;;;;
0492ST-20;NO-SKIVE 31.8MM (1-1/4) DN32 COMPACT S.T. 1SC W.P. 75 BAR;Parker;0492ST-20;75;;;;;;;;
0492TC-04;NO-SKIVE 6.3MM (1/4) DN06 T.C. COMPACT 1SC W.P. 280 BAR;Parker;492TC-4;280;13002-04MM;15,1;;;13002-04;14,6;;
0492TC-06;NO-SKIVE 9.5MM (3/8) DN10 T.C. COMPACT 1SC W.P. 225 BAR;Parker;492TC-6;225;13002-06MM;19,4;;;13002-06;18,5;;
0492TC-08;NO-SKIVE 12.7MM (1/2) DN12 COMPACT T.C. 1SC W.P. 190 BAR;Parker;492TC-8;190;13002-08MM;22,1;;;13002-08;22,3;;
0492TC-12;NO-SKIVE 19.1MM (3/4) DN20 COMPACT T.C. 1SC W.P. 150 BAR;Parker;492TC-12;150;13002-12MM;29,8;;;13002-12;28,7;;
0492TC-16;NO-SKIVE 25.4MM (1) DN25 COMPACT T.C. 1SC W.P. 110 BAR;Parker;492TC-16;110;13002-16MM;37,4;;;;;;
0493-04;MTR SLANG 1 INLAGE PARKER 493 493-4-BLU;Parker;493-4-BLU;200;13002-04MM;15,9;;;;;;
0493-05;MTR SLANG 1 INLAGE PARKER 493 493-5-BLU-RL;Parker;493-5-BLU-RL;200;13002-05MM;17,8;;;;;;
0493-06;MTR SLANG 1 INLAGE PARKER 493 493-6-BLU-RL;Parker;493-6-BLU-RL;200;13002-06MM;20,4;;;;;;
0493-08;MTR SLANG 1 INLAGE PARKER 493 493-8-BLU;Parker;493-8-BLU;175;13002-08MM;23,4;;;;;;
0501-04;RUBBER HOSE WITH TEXTILE 1TE LAYER (R6);JB Hydraulics;20-600-06;;16001-04;;;;;;;
0501-06;RUBBER HOSE WITH TEXTILE 1TE LAYER (R6);JB Hydraulics;20-600-10;;16001-06;;;;;;;
0501-08;RUBBER HOSE WITH TEXTILE 1TE LAYER (R6);JB Hydraulics;20-600-13;;16001-08;;;;;;;
0501-10;RUBBER HOSE WITH TEXTILE 1TE LAYER (R6);Interpump;TFS0006I10;;16001-10;25,6;;;;;;
0501-12;RUBBER HOSE WITH TEXTILE 1TE LAYER (R6);JB Hydraulics;20-600-20;;16001-12;;;;;;;
0501-16;RUBBER HOSE WITH TEXTILE 1TE LAYER (R6);Interpump;TFS0006I16;;16001-16;37;;;;;;
0502-04;RUBBER HOSE WITH TEXTILE 2 LAYER 2TE 1/4;Interpump;TFE02TEI04;;16001-04;15;;;;;;
0502-06;RUBBER HOSE WITH TEXTILE 2 LAYER 2TE 3/8;Interpump;TFE02TEI06;;16001-06;18,8;;;;;;
0502-08;RUBBER HOSE WITH TEXTILE 2 LAYER 2TE 1/2;Interpump;TFD02TE-08;;16001-08;22,6;;;;;;
0502-10;RUBBER HOSE WITH TEXTILE 2 LAYER 2TE 5/8;Interpump;TFD02TE-10;;16001-10;26,5;;;;;;
0502-12;RUBBER HOSE WITH TEXTILE 2 LAYER 2TE 3/4;Interpump;TFD02TE-12;;16001-12;28,8;;;;;;
0502-16;RUBBER HOSE WITH TEXTILE 2 LAYER 2TE 1;Interpump;TFE02TEI16;;16001-16;37;;;;;;
0503-04;RUBBER HOSE WITH TEXTILE 2 LAYER 3TE;Dicsa;MB2304;;15001-04;;;;;;;
0503-05;RUBBER HOSE WITH TEXTILE 2 LAYER 3TE;Landefeld;3 TE 8;;15001-05;;;;;;;
0503-06;RUBBER HOSE WITH TEXTILE 2 LAYER 3TE;Dicsa;MB2306;;15001-06;;;;;;;
0503-08;RUBBER HOSE WITH TEXTILE 2 LAYER 3TE;Dicsa;MB2308;;15001-08;;;;;;;
0503-10;RUBBER HOSE WITH TEXTILE 2 LAYER 3TE;Dicsa;MB2310;;15001-10;;;;;;;
0503-12;RUBBER HOSE WITH TEXTILE 2 LAYER 3TE;Dicsa;MB2312;;15001-12;;;;;;;
0503-16;RUBBER HOSE WITH TEXTILE 2 LAYER 3TE;Dicsa;MBDD2316;;15001-16;;;;;;;
0503-20;RUBBER HOSE WITH TEXTILE 2 LAYER 3TE;Dietzel;SLMW-06-20;;;;;;;;;
0503-24;RUBBER HOSE WITH TEXTILE 2 LAYER 3TE;Eriks;TE 0338;;;;;;;;;
0503-32;RUBBER HOSE WITH TEXTILE 2 LAYER 3TE;Dietzel;48000;;;;;;;;;
0511-12;SUCTION AND RETURN HOSE 19X29;Peters;P001279;;15001-12;34;;;;;;
0511-16;SUCTION AND RETURN HOSE 25X35;Peters;P001280;;13001-16MM;40;;;;;;
0511-20;SUCTION AND RETURN HOSE 32X42;Peters;P001284;;13001-20MM;48;;;;;;
0511-24;SUCTION AND RETURN HOSE 38X50;Peters;P001286;;13001-24MM;55,2;;;;;;
0511-32;SUCTION AND RETURN HOSE 51X62;Peters;P001291;;13001-32MM;68,5;;;;;;
0511-40;SUCTION AND RETURN HOSE 63X76;Peters;P001295;;;;;;;;;
0511-48;SUCTION AND RETURN HOSE 76X90;Peters;P002545;;;;;;;;;
0511-56;SUCTION AND RETURN HOSE 90X104;Rubaflex;TWS090S;;;;;;;;;
0511-64;SUCTION AND RETURN HOSE 102X118;Peters;P001274;;;;;;;;;
055LT-04;MTR POLYFLEX SLANG;Parker;1202LT-4;;;;;;;;;
055LT-04-04;MTR POLYFLEX SLANG;Parker;1202LT-4-4;;;;;;;;;
055LT-05;MTR POLYFLEX SLANG;Parker;1202LT-5;;;;;;;;;
055LT-06;MTR POLYFLEX SLANG;Parker;1202LT-6;;;;;;;;;
055LT-06-06;MTR POLYFLEX SLANG;Parker;1202LT-6-6;;;;;;;;;
055LT-08;MTR POLYFLEX SLANG;Parker;55LT-8;;;;;;;;;
0560-04;MTR POLYFLEX SAE100R1 560-4;Parker;560-4;;;;;;;;;
0560-06;MTR POLYFLEX SAE100R1 560-6;Parker;560-6;;;;;;;;;
0560-08-08;MTR POLYFLEX TWINSLANG 1/2 SAE100R1 560-8-8;Parker;560-8-8;;;;;;;;;
0561-08;TRELLJET 561 8 L100;Trelleborg;561-08;;;;;;;;;
0563TJ-4;TOUGH JACKET HOSE SAE 100R17 210 BAR;Coliflower;0563TJ-4;210;;;;;;;;
0563TJ-6;TOUGH JACKET HOSE SAE 100R17 210 BAR;Coliflower;0563TJ-6;210;;;;;;;;
0563TJ-8;TOUGH JACKET HOSE SAE 100R17 210 BAR;Coliflower;0563TJ-8;210;;;;;;;;
0590-06;MTR POLYFLEX SLANG 3/8 SAE100R2 590-6;Parker;590TJ-6;;;;;;;;;
0590-06-06;MTR POLYFLEX TWINSLANG 3/8 SAE100R2 590-6-6;Parker;590-6-6;;;;;;;;;
0590-08;MTR POLYFLEX SLANG 1/2 SAE100R2 590-8;Parker;590-8;;;;;;;;;
0590-10;MTR POLYFLEX SLANG 5/8 SAE100R2 590-10;Parker;590-10;;;;;;;;;
0590-12;MTR POLYFLEX SLANG 3/4 SAE100R2 590-12;Parker;590-12;;;;;;;;;
0590-16;MTR POLYFLEX SLANG 1 SAE100R2 590-16;Parker;590-16;;;;;;;;;
0590TJ-06;PARFLEX TOUGH JACKET WP28.0MPa;Parker;590TJ-6;280;;;;;;;;
0590TJ-08;PARFLEX TOUGH JACKET WP24.5MPa;Parker;590TJ-8;245;;;;;;;;
0620-06;MTR NYLAFLOW HOSE;Flowtech;0620-06;;;;;;;;;
0620-08;MTR NYLAFLOW HOSE;Flowtech;0620-08;;;;;;;;;
0620-10;MTR NYLAFLOW HOSE;Flowtech;0620-10;;;;;;;;;
0620-12;MTR NYLAFLOW HOSE;Flowtech;0620-12;;;;;;;;;
0628-04;MTR NYLAFLOW HOSE;Flowtech;0628-04;;;;;;;;;
0628-04PP;MTR NYLAFLOW HOSE;Flowtech;0628-04PP;;;;;;;;;
0628-05;MTR NYLAFLOW HOSE;Flowtech;0628-05;;;;;;;;;
0628-06;MTR NYLAFLOW HOSE;Flowtech;0628-06;;;;;;;;;
0628-08;MTR NYLAFLOW HOSE;Flowtech;0628-08;;;;;;;;;
0692-04;NO-SKIVE 6.3MM (1/4) DN06 COMPACT 1SC W.P. 210 BAR;Parker;692-4;210;13002-04MM;15,1;;;13002-04;14,6;;
0692-04-04;NO-SKIVE 6.3MM (1/4) DN06 COMPACT 1SC W.P. 210 BAR TWIN;Parker;692-4-4;210;;;;;;;;
0692-05;NO-SKIVE 7.9MM (5/16) DN08 COMPACT 1SC W.P. 210 BAR;Parker;692-5;210;13002-05MM;16,9;;;13002-05;16,7;;
0692-05-05;NO-SKIVE 7.9MM (5/16) DN08 COMPACT 1SC W.P. 210 BAR TWIN;Parker;692-5-5;210;;;;;;;;
0692-06;NO-SKIVE 9.5MM (3/8) DN10 COMPACT 1SC W.P. 210 BAR;Parker;692-6;210;13002-06MM;19,4;;;13002-06;18,5;;
0692-06-06;NO-SKIVE 9.5MM (3/8) DN10 COMPACT 1SC W.P. 210 BAR TWIN;Parker;692-6-6-GT50;210;;;;;;;;
0692-08;NO-SKIVE 12.7MM (1/2) DN12 COMPACT 1SC W.P. 210 BAR;Parker;692-8;210;13002-08MM;22,1;;;13002-08;22,3;;
0692-08-08;NO-SKIVE 12.7MM (1/2) DN12 COMPACT 1SC W.P. 210 BAR TWIN;Parker;692-8-8;210;;;;;;;;
0692-08-08-08;NO-SKIVE 12.7MM (1/2) DN12 COMPACT 1SC W.P. 210 BAR TRIPEL;Parker;692-8-8-8;210;;;;;;;;
0692-10;NO-SKIVE 15.9MM (5/8) DN16 COMPACT 1SC W.P. 210 BAR;Parker;692-10;210;13002-10MM;26;;;13002-10;24,9;;
0692-10-10;NO-SKIVE 15.9MM (5/8) DN16 COMPACT 1SC W.P. 210 BAR TWIN;Parker;692-10-10;210;;;;;;;;
0692PU-04;NO-SKIVE 6.3MM (1/4) DN06 PU COMPACT 1SC W.P. 210 BAR;Parker;692PU-4;210;13002-04MM;15,1;;;13002-04;14,6;;
0692PU-04-04;NO-SKIVE 6.3MM (1/4) DN06 PU COMPACT 1SC W.P. 210 BAR TWIN;Parker;692PU-4-4;210;;;;;;;;
0692PU-05;NO-SKIVE 7.9MM (5/16) DN08 PU COMPACT 1SC W.P. 210 BAR;Parker;692PU-5;210;13002-05MM;16,9;;;13002-05;16,7;;
0692PU-05-05;NO-SKIVE 7.9MM (5/16) DN08 PU COMPACT 1SC W.P. 210 BAR TWIN;Parker;692PU-5-5;210;;;;;;;;
0692PU-06;NO-SKIVE 9.5MM (3/8) DN10 PU COMPACT 1SC W.P. 210 BAR;Parker;692PU-6;210;13002-06MM;19,4;;;13002-06;18,5;;
0692PU-06-06;NO-SKIVE 9.5MM (3/8) DN10 PU COMPACT 1SC W.P. 210 BAR TWIN;Parker;692PU-6-6;210;;;;;;;;
0692PU-08;NO-SKIVE 9.5MM (1/2) DN12 PU COMPACT 1SC W.P. 210 BAR;Parker;692PU-08;210;;;;;;;;
0692PU-08-08;NO-SKIVE 9.5MM (1/2) DN12 PU COMPACT 1SC W.P. 210 BAR TWIN;Parker;692PU-8-8;210;;;;;;;;
0692PU-10-10;NO-SKIVE 15.9MM (5/8) DN16 COMPACT 1SC W.P. 210 BAR TWIN;Parker;692PU-10-10;210;;;;;;;;
0721ST-08;MTR SLANG R12 COMPACT SUPER TOUGH 721ST-8;Parker;721ST-8;;;;;;;;;
0721ST-12;MTR SLANG R12 COMPACT SUPER TOUGH 721ST-12;Parker;721ST-12;;;;;;;;;
0721ST-16;MTR SLANG R12 COMPACT SUPER TOUGH 721ST-16;Parker;721ST-16;;;;;;;;;
0721TC-06;MTR SLANG R12 COMPACT TOUGH COVER 721TC-6;Parker;721TC-6;;;;;;;;;
0721TC-08;MTR SLANG R12 COMPACT TOUGH COVER 721TC-8;Parker;721TC-8;;;;;;;;;
0721TC-10;MTR SLANG R12 COMPACT TOUGH COVER 721TC-10;Parker;721TC-10;;;;;;;;;
0721TC-12;MTR SLANG R12 COMPACT TOUGH COVER 721TC-12;Parker;721TC-12;;;;;;;;;
0721TC-16;MTR SLANG R12 COMPACT TOUGH COVER 721TC-16;Parker;721TC-16;;;;;;;;;
0721TC-20;MTR SLANG R12 COMPACT TOUGH COVER 721TC-20;Parker;721TC-20;;;;;;;;;
0721TC-24;MTR SLANG R12 COMPACT TOUGH COVER 721TC-24;Parker;721TC-24;;;;;;;;;
0721TC-32;MTR SLANG R12 COMPACT TOUGH COVER 721TC-32;Parker;721TC-32;;;;;;;;;
0722ST-06;NO-SKIVE 9.5MM (3/8) DN10 S.T. COMPACT W.P. 4000 PSI;Parker;722ST-6;280;;;;;;;;
0722ST-08;NO-SKIVE 12.7MM (1/2) DN12 S.T. COMPACT W.P. 4000 PSI;Parker;722ST-8;280;;;;;;;;
0722ST-12;NO-SKIVE 19.1MM (3/4) DN20 S.T. COMPACT W.P. 4000 PSI;Parker;722ST-12;280;;;;;;;;
0722ST-16;NO-SKIVE 25.4MM (1) DN25 S.T. COMPACT W.P. 4000 PSI;Parker;722ST-16;280;;;;;;;;
0722ST-20;NO-SKIVE 31.8MM (1-1/4) DN32 S.T. COMPACT W.P. 3000 PSI;Parker;722ST-20;206,8;;;;;;;;
0722TC-06;NO-SKIVE 9.5MM (3/8) DN10 T.C. COMPACT W.P. 4000 PSI;Parker;722TC-6;280;;;;;;;;
0722TC-08;NO-SKIVE 12.7MM (1/2) DN12 T.C. COMPACT W.P. 4000 PSI;Parker;722TC-8;280;;;;;;;;
0722TC-10;NO-SKIVE 15.9MM (5/8) DN16 T.C. COMPACT 2SC W.P. 4000PSI;Parker;722TC-10;280;;;;;;;;
0722TC-12;NO-SKIVE 19.1MM (3/4) DN20 T.C. COMPACT W.P. 4000 PSI;Parker;722TC-12;280;;;;;;;;
0722TC-16;NO-SKIVE 24.4MM (1) DN25 T.C. COMPACT W.P. 4000 PSI;Parker;722TC-16;280;;;;;;;;
0722TC-20;NO-SKIVE 31.8MM (1-1/4) DN32 T.C. COMPACT W.P. 3000 PSI;Parker;722TC-20;206,8;;;;;;;;
0722TC-24;NO-SKIVE 38.1MM (1-1/2) DN38 T.C. COMPACT W.P. 2500 PSI;Parker;722TC-24;172,4;;;;;;;;
0731-12;NO-SKIVE 19.1MM (3/4) DN20 4SH W.P. 42.0 MPa 731-12;Parker;731-12;420;;;;;;;;
0731-16;NO-SKIVE 25.4MM (1) DN25 4SH W.P. 38.0 MPa 731-16;Parker;731-16;380;;;;;;;;
0787-04;NO-SKIVE 6.4MM (1/4) DN06 COMP. SPIRAL W.P. 35.0 MPa;Parker;787-4;350;;;;;;;;
0787-06;NO-SKIVE 9.5MM (3/8) DN10 COMP. SPIRAL W.P. 35.0 MPa;Parker;787-6;350;;;;;;;;
0787-12;NO-SKIVE 19.1MM (3/4) DN20 COMP. SPIRAL W.P. 35.0 MPa;Parker;787-12;350;;;;;;;;
0787-16;NO-SKIVE 25.4MM (1) DN25 COMP. SPIRAL W.P. 35.0 MPa 787;Parker;787-16;350;;;;;;;;
0787-20;NO-SKIVE 31.8MM (1-1/4) DN32 COMP. SPIRAL W.P. 35.0 MPa;Parker;787-20;350;;;;;;;;
0787-32;NO-SKIVE 50.8MM (2) DN50 COMP. SPIRAL W.P. 35.0 MPa 787;Parker;787-32;350;;;;;;;;
0787ST-04;NO-SKIVE 6.4MM (1/4) DN06 T.C. COMP. SPIRAL W.P. 35.0 MPa;Parker;787ST-4;350;;;;;;;;
0787ST-06;NO-SKIVE 9.5MM (3/8) DN10 S.T. COMP. SPIRAL W.P. 35.0 MPa;Parker;787ST-6;350;;;;;;;;
0787ST-08;NO-SKIVE 12.7MM (1/2) DN12 S.T. COMP. SPIRAL W.P. 35.0 MPa;Parker;787ST-8;350;;;;;;;;
0787ST-12;NO-SKIVE 19.1MM (3/4) DN20 T.C. COMP. SPIRAL W.P. 35.0 MPa 7;Parker;787ST-12;350;;;;;;;;
0787ST-16;NO-SKIVE 25.4MM (1) DN25 T.C. COMP. SPIRAL W.P. 35.0 MPa 7;Parker;787ST-16;350;;;;;;;;
0787ST-20;NO-SKIVE 31.8MM (11/4) DN31 TC. COMP. SPIRAL W.P. 35.0 MPa 7;Parker;787ST-20;350;;;;;;;;
0787ST-24;NO-SKIVE 38 MM (11/2) DN38 T.C. COMP. SPIRAL W.P. 35.0 MPa;Parker;787ST-24;350;;;;;;;;
0787ST-32;NO-SKIVE 50.8MM (2) DN50 S.T. COMP. SPIRAL W.P. 35.0 MPa;Parker;787ST-32;350;;;;;;;;
0787TC-04;NO-SKIVE 19.1MM (1/4) DN6 T.C. COMP. SPIRAL W.P. 35.0 MPa;Parker;787TC-4;350;;;;;;;;
0787TC-06;NO-SKIVE 9.5MM (3/8) DN10 T.C. COMP. SPIRAL W.P. 35.0 MPa;Parker;787TC-6;350;;;;;;;;
0787TC-08;NO-SKIVE 12.7MM (1/2) DN12 T.C. COMP. SPIRAL W.P. 35.0 MPa 7;Parker;787TC-8;350;;;;;;;;
0787TC-10;NO-SKIVE 15.9MM (5/8) DN16 T.C. COMP. SPIRAL W.P. 35.0 MPa 7;Parker;787TC-10;350;;;;;;;;
0787TC-12;NO-SKIVE 19.1MM (3/4) DN20 T.C. COMP. SPIRAL W.P. 35.0 MPa 7;Parker;787TC-12;350;;;;;;;;
0787TC-16;NO-SKIVE 25.4MM (1) DN25 T.C. COMP. SPIRAL W.P. 35.0 MPa 787;Parker;787TC-16;350;;;;;;;;
0787TC-20;NO-SKIVE 31.8MM (1-1/4) DN32 T.C. COMP. SPIRAL W.P. 35.0 MPa;Parker;787TC-20;350;;;;;;;;
0787TC-24;NO-SKIVE 38.1MM (1-1/2) DN38 T.C. COMP. SPIRAL W.P. 35.0 MPa;Parker;787TC-24;350;;;;;;;;
0787TC-32;NO-SKIVE 50.8MM (2) DN50 T.C. COMP. SPIRAL W.P. 35.0 MPa 787;Parker;787TC-32;350;;;;;;;;
0797-10;NO-SKIVE 15.9MM (5/8) DN16 COMP. SPIRAL W.P. 42.0 MPa;Parker;797-10;420;;;;;;;;
0797-12;NO-SKIVE 19.1MM (3/4) DN20 COMP. SPIRAL W.P. 42.0 MPa 797-12;Parker;797-12;420;;;;;;;;
0797-16;NO-SKIVE 25.4MM (1) DN25 COMP. SPIRAL W.P. 42.0 MPa 797-16;Parker;797-16;420;;;;;;;;
0797-20;NO-SKIVE 31.8MM DN32 COMP. SPIRAL W.P. 42.0 MPa;Parker;797-20;420;;;;;;;;
0797-24;NO-SKIVE 38.1MM DN38 COMP. SPIRAL W.P. 42.0 MPa;Parker;797-24;420;;;;;;;;
0797-32;NO-SKIVE 50.8MM DN51 COMP. SPIRAL W.P. 42.0 MPa;Parker;797-32;420;;;;;;;;
0797ST-04;NO-SKIVE 6.4MM (1/4) DN06 T.C. COMP. SPIRAL W.P. 42.0 MPa;Parker;797ST-4;420;;;;;;;;
0797ST-06;NO-SKIVE 9.5MM (3/8) DN10 S.T. COMP. SPIRAL W.P. 42.0 MPa;Parker;797ST-6;420;;;;;;;;
0797ST-08;NO-SKIVE 12.7MM (1/2) DN12 T.C. COMP. SPIRAL W.P. 42.0 MPa;Parker;797ST-8;420;;;;;;;;
0797ST-10;NO-SKIVE 15.9MM (5/8) DN16 COMP. SPIRAL W.P. 42.0 MPa;Parker;797ST-10;420;;;;;;;;
0797ST-12;NO-SKIVE 19.0MM (3/4) DN20 S.T. COMP. SPIRAL W.P. 42.0 MPa;Parker;797ST-12;420;;;;;;;;
0797ST-16;NO-SKIVE 25.4MM (1) DN25 COMP. SPIRAL W.P. 42.0 MPa;Parker;797ST-16;420;;;;;;;;
0797ST-20;NO-SKIVE 31.8MM (1-1/4) DN32 T.C. COMP. SPIRAL W.P. 42.0 MPa;Parker;797ST-20;420;;;;;;;;
0797ST-24;NO-SKIVE 38.1MM (1-1/2) DN38 S.T. COMP. SPIRAL W.P. 42.0 MPa;Parker;797ST-24;420;;;;;;;;
0797ST-32;NO-SKIVE 50.8MM (2) DN50 S.T. COMP. SPIRAL W.P. 42.0 MPa;Parker;797ST-32;420;;;;;;;;
0797TC-04;NO-SKIVE 6.4MM (1/4) DN06 T.C. COMP. SPIRAL W.P. 42.0 MPa;Parker;797TC-4;420;;;;;;;;
0797TC-06;NO-SKIVE 9.5MM (3/8) DN10 T.C. COMP. SPIRAL W.P. 42.0 MPa;Parker;797TC-6;420;;;;;;;;
0797TC-08;NO-SKIVE 12.7MM (1/2) DN12 T.C. COMP. SPIRAL W.P. 42.0 MPa 7;Parker;797TC-8;420;;;;;;;;
0797TC-10;NO-SKIVE 15.9MM (5/8) DN16 T.C. COMP. SPIRAL W.P. 42.0 MPa;Parker;797TC-10;420;;;;;;;;
0797TC-12;NO-SKIVE 19.1MM (3/4) DN20 T.C. COMP. SPIRAL W.P. 42.0 MPa 7;Parker;797TC-12;420;;;;;;;;
0797TC-16;NO-SKIVE 25.4MM (1) DN25 T.C. COMP. SPIRAL W.P. 42.0 MPa 797;Parker;797TC-16;420;;;;;;;;
0797TC-20;NO-SKIVE 31.8MM (1-1/4) DN32 T.C. COMP. SPIRAL W.P. 42.0 MPa;Parker;797TC-20;420;;;;;;;;
0797TC-24;NO-SKIVE 38.1MM (1-1/2) DN38 T.C. COMP. SPIRAL W.P. 42.0 MPa;Parker;797TC-24;420;;;;;;;;
0797TC-32;NO-SKIVE 50.8MM (2) DN50 T.C. COMP. SPIRAL W.P. 42.0 MPa 797;Parker;797TC-32;420;;;;;;;;
0811-03;SMOOTH, BIG BORE PTFE HOSE, WITH ST/ST BRAID W.P. 264 BAR;Xtraflex;T1B005;264;81000-03;10,8;;;;;;
0811-04;SMOOTH, BIG BORE PTFE HOSE, WITH ST/ST BRAID W.P. 224 BAR;Xtraflex;T1B006;224;81000-04;12,5;;;;;;
0811-04-316;SMOOTH, BIG BORE PTFE HOSE, WITH ST/ST 316L BRAID;Polyfluor plastics;801AGP316DN06;;;;;;;;;
0811-05;SMOOTH, BIG BORE PTFE HOSE, WITH ST/ST BRAID W.P. 207 BAR;Dicsa;M290008;207;81000-05;14,4;;;;;;
0811-05-316;SMOOTH, BIG BORE PTFE HOSE, WITH ST/ST 316L BRAID;Polyfluor plastics;801AGP316dn08;;;;;;;;;
0811-06;SMOOTH, BIG BORE PTFE HOSE, WITH ST/ST BRAID W.P. 175 BAR;Parker;2030T-06V70;175;81000-06;16;;;;;;
0811-06A;SMOOTH PTFE HOSE, WITH ST/ST BRAID ANTI STATIC;Xtraflex;T1AB010;;;;;;;;;
0811-08;SMOOTH, BIG BORE PTFE HOSE, WITH ST/ST BRAID W.P. 161 BAR;Polyfluor plastics;801AGPDN12;161;81000-08;20,5;;;;;;
0811-08A;SMOOTH PTFE HOSE, WITH ST/ST BRAID ANTI STATIC;Xtraflex;T1AB012;;;;;;;;;
0811-10;SMOOTH, BIG BORE PTFE HOSE, WITH ST/ST BRAID W.P. 114 BAR;Dicsa;M290016;114;;;;;;;;
0811-12;SMOOTH, BIG BORE PTFE HOSE, WITH ST/ST BRAID W.P. 103 BAR;Xtraflex;TB1020;103;;;;;;;;
0811-16;SMOOTH, BIG BORE PTFE HOSE, WITH ST/ST BRAID W.P. 80 BAR;Dicsa;M290025;80;;;;;;;;
0815-04;CONVULTED, PTFE HOSE, WITH ST/ST BRAID W.P. 172 BAR;Xtraflex;TCB1E006L;172;;;;;;;;
0815-05;CONVULTED, PTFE HOSE, WITH ST/ST BRAID W.P. 138 BAR;Xtraflex;TCB1E008;138;;;;;;;;
0815-06;CONVULTED, PTFE HOSE, WITH ST/ST BRAID W.P. 138 BAR;Xtraflex;TCB1E010L;138;87000-06;15,7;;;;;;
0815-08;CONVULTED, PTFE HOSE, WITH ST/ST BRAID W.P. 103 BAR;Xtraflex;TCB1E012L;103;87000-08;20,9;;;;;;
0815-08A;CONVULTED, PTFE HOSE, WITH ST/ST BRAID ANTISTATIC;Dicsa;M293013;;;;;;;;;
0815-10;CONVULTED, PTFE HOSE, WITH ST/ST BRAID W.P. 83 BAR;Xtraflex;TCB1E016L;83;87000-10;23;;;;;;
0815-12;CONVULTED, PTFE HOSE, WITH ST/ST BRAID W.P. 69 BAR;Xtraflex;TCB1E020L;69;87000-12;27;;;;;;
0815-16;CONVULTED, PTFE HOSE, WITH ST/ST BRAID W.P. 46 BAR;Xtraflex;TCB1E025;46;87000-16;34;;;;;;
0815-16A;CONVULTED, PTFE HOSE, WITH ST/ST BRAID ANTI STATIC;Dicsa;M293025;;;;;;;;;
0815-20;CONVULTED, PTFE HOSE, WITH ST/ST BRAID W.P. 34 BAR;Xtraflex;TCB1E032L;34;87000-20;40;;;;;;
0815-24;CONVULTED, PTFE HOSE, WITH ST/ST BRAID W.P. 30 BAR;Dicsa;M292038;30;87000-24;47,1;;;;;;
0815-32;CONVULTED, PTFE HOSE, WITH ST/ST BRAID W.P. 23 BAR;Xtraflex;TCB1E050;23;87000-32;59,2;;;;;;
2020N-025V30;THERMOPLASTIC HIGH PRESSURE HOSE DN 04;Parker;2020N-025V30;;;;;;;;;
2020N-02V30;THERMOPLASTIC HIGH PRESSURE HOSE DN 03;Parker;2020N-02V30;;;;;;;;;
2022N-06V91-10K;THERMOPLASTIC HIGH PRESSURE HOSE DN 10;Parker;2022N-06V91-10K;;;;;;;;;
2022N-06V91-5K;THERMOPLASTIC HIGH PRESSURE HOSE DN 10;Parker;2022N-06V91-5K;;;;;;;;;
2030T-12V70;PTFE-HOSE DN 20;Parker;2030T-12V70;;;;;;;;;
2040H-03-03V10V10;THERMOPLASTIC HIGH PRESSURE HOSE DN 05 DUPLO;Parker;2040H-03-03V10V10;;;;;;;;;
2040H-03V10;THERMOPLASTIC HIGH PRESSURE HOSE DN 05;Parker;2040H-03V10;;;;;;;;;
2040H-04-04-04V10;THERMOPLASTIC HIGH PRESSURE HOSE DN 06 TRIPPEL;Parker;2040H-04-04-04V10V10V10;;;;;;;;;
2040H-04V10;THERMOPLASTIC HIGH PRESSURE HOSE DN 06;Parker;2040H-04V10;;;;;;;;;
2040H-05-05V10V10;THERMOPLASTIC HIGH PRESSURE HOSE DN 08 TWIN;Parker;2040H-05-05V10V10-DL;;;;;;;;;
2040H-05V10;THERMOPLASTIC HIGH PRESSURE HOSE DN 08;Parker;2040H-05V10;;;;;;;;;
2040H-06V10;THERMOPLASTIC HIGH PRESSURE HOSE DN 10;Parker;2040H-06V10;;;;;;;;;
2040H-08V10;THERMOPLASTIC HIGH PRESSURE HOSE DN 12;Parker;2040H-08V10;;;;;;;;;
2040H-10V10;THERMOPLASTIC HIGH PRESSURE HOSE DN 16;Parker;2040H-10V10;;;;;;;;;
2040N-02V00;MULTI PURPOSE HOSE (1/8) DN03 W.P. 350 BAR;Parker;2040N-02V00;350;;;;;;;;
2040N-03V00;MULTI PURPOSE HOSE (3/16) DN05 W.P. 340 BAR;Parker;2040N-03V00;340;;;;;;;;
2040N-04V00;MULTI PURPOSE HOSE (1/4) DN06 W.P. 310 BAR;Parker;2040N-04V00;310;;;;;;;;
2040N-05V00;MULTI PURPOSE HOSE (5/16 DN08 W.P. 250 BAR;Parker;2040N-05V00;250;;;;;;;;
2040N-06V00;MULTI PURPOSE HOSE (3/8) DN10 W.P. 240 BAR;Parker;2040N-06V00;240;;;;;;;;
2040N-08V00;MULTI PURPOSE HOSE (1/2) DN12 W.P. 185 BAR;Parker;2040N-08V00;185;;;;;;;;
2040N-10V00;MULTI PURPOSE HOSE (5/8) DN16 W.P. 140 BAR;Parker;2040N-10V00-DL;140;;;;;;;;
2040N-12V00;MULTI PURPOSE HOSE (3/4) DN20 W.P. 125 BAR;Parker;2040N-12V00;125;;;;;;;;
2040N-16V00;MULTI PURPOSE HOSE (1) DN25 W.P. 100 BAR;Parker;2040N-16V00-DL;100;;;;;;;;
221FR-12;5/8 MARINE FUEL;Hydrasun;221FR-12;;;;;;;;;
221FR-16;7/8 MARINE FUEL 221FR-16-RL;Parker;221FR-16;35;;;;;;;;
221FR-5;1/4 MARINE FUEL HOSE;Parker;221FR-5;35;;;;;;;;
221FR-6;5/16 MARINE FUEL HOSE;Parker;221FR-6;35;;;;;;;;
221FR-8;13/32 MARINE FUEL;Hydrasun;221FR-8;;;;;;;;;
2244N-025V00;THERMOPLASTIC HIGH PRESSURE 3.9MM (5/32) DN04 W.P. 750 BAR;Parker;2244N-025V00;750;;;;;;;;
2244N-06V00;THERMOPLASTIC HIGH PRESSURE 9.8MM (3/8) DN10 W.P. 535 BAR;Parker;2244N-06V00;535;;;;;;;;
2244N-08V10;THERMOPLASTIC HIGH PRESSURE 12.9MM (1/2) DN12 W.P. 550 BAR;Parker;2244N-08V10;550;;;;;;;;
2244N-20V30;THERMOPLASTIC HIGH PRESSURE 31.8MM (1-1/4) DN32 W.P. 275 BAR;Parker;2244N-20V30;275;;;;;;;;
2245D-03V32;MTR POLYFLEX SLANG;Hydrasun;2245D-03V32;;;;;;;;;
2245N-04V00;THERMOPLASTIC HIGH PRESSURE 6.3MM (1/4) DN06 W.P. 450 BAR;Parker;2245N-04V00;450;;;;;;;;
2245N-06-06V00V00;THERMOPLASTIC HIGH PRESSURE 9.7MM (3/8) DN10 W.P. 375 BAR;Parker;2245N-06-06V00V00;375;;;;;;;;
2245N-06V00;THERMOPLASTIC HIGH PRESSURE 9.7MM (3/8) DN10 W.P. 375 BAR;Parker;2245N-06V00;375;;;;;;;;
2245N-06V30;THERMOPLASTIC HIGH PRESSURE 9.7MM (3/8) DN10 W.P. 375 BAR;Parker;2245N-06V30;375;;;;;;;;
2245N-08V00;THERMOPLASTIC HIGH PRESSURE 12.8MM (1/2) DN12 W.P. 350 BAR;Parker;2245N-08V00;350;;;;;;;;
2245N-08V30;THERMOPLASTIC MEDIUM PRESSURE 8.0MM (5/1) DN08 R7 W.P. 165B;Parker;2245N-08V30;165;;;;;;;;
2245N-10V30;THERMOPLASTIC HIGH PRESSURE 16.0MM (5/8) DN16 W.P. 330 BAR;Parker;2245N-10V30;330;;;;;;;;
2245N-12V30;THERMOPLASTIC HIGH PRESSURE 19.6MM (3/4) DN20 W.P. 300 BAR;Parker;2245N-12V30;300;;;;;;;;
2245N-16V30;THERMOPLASTIC HIGH PRESSURE 25.0MM (1) DN25 W.P. 275 BAR;Parker;32;275;;;;;;;;
2248D-05V32-TC;WP. 1035 BAR / BP. 2588 BAR ID. 8.1 ±0.1 / OD. 13.4 ±0.1;Parker;2248D-05V32-TC;1035;;;;;;;;
2370N-04-04V10V10;MTR POLYFLEX SLANG;Parker;2370N-04-04V10V10;;;;;;;;;
2370N-06/3-FACH;MTR POLYFLEX SLANG;Parker;2370N-06/3-FACH;;;;;;;;;
2370N-06-06V10V10;MTR POLYFLEX SLANG;Parker;2370N-06-06V10V10-DL;;;;;;;;;
2370N-06V10-LL;MTR POLYFLEX SLANG LONG LENGTH;Parker;2370N-06V10-LL;;;;;;;;;
2370N-08/3-FACH;MTR POLYFLEX SLANG;Parker;2370N-08/3-FACH;;;;;;;;;
2370N-08-08V10V10;MTR POLYFLEX SLANG;Parker;2370N0808V10V10-DL;;;;;;;;;
2370N-08V10;MTR POLYFLEX SLANG;Parker;2370N-08V10;;;;;;;;;
2380F-08V07;THERMOPLASTIC HIGH PRESSURE 12.8MM (1/2) DN12 W.P. 350 BAR;Parker;2380F-08V07;350;;;;;;;;
2380F-10V07;THERMOPLASTIC HIGH PRESSURE 16.0MM (5/8) DN16 W.P. 300 BAR;Parker;2380F-10V07;300;;;;;;;;
2380F-12V07-P;MTR POLYFLEX SLANG;Parker;2380F-12V07-P;;;;;;;;;
2380M-04V30W;PARKER POLYFLEX SLANG BLACK;Parker;2380M-04V30W;;;;;;;;;
2380N-025V10;PARKER POLYFLEX SLANG BLACK;Parker;2380N-025V10;;;;;;;;;
2380N-025V15V15;MTR POLYFLEX SLANG HYTORC COLOR;Parker;2380N-025V15V15-HYTORC;;;;;;;;;
2380N04-04V00V00;MTR POLYFLEX SLANG;Parker;2380N04-04V00V00;;;;;;;;;
2380N04-04V02V04;MTR POLYFLEX SLANG RED/BLUE;Parker;2380N-04-04V02V04;;;;;;;;;
2380N04-04V04V06;MTR POLYFLEX SLANG;Parker;2380N04-04V04V06;;;;;;;;;
2380N-04-04V08V08-HYT;MTR POLYFLEX SLANG HYTORC COLOR;Parker;2380N-04-04V08V08-HYT;;;;;;;;;
2380N-04V00;MTR POLYFLEX SLANG;Parker;2380N-04V00;;;;;;;;;
2380N-04V02;MTR POLYFLEX SLANG BLUE;Parker;2380N-04V02;;;;;;;;;
2380N-04V04;MTR POLYFLEX SLANG RED;Parker;2380N-04V04;;;;;;;;;
2380N-06V10;PARKER POLYFLEX SLANG BLACK;Parker;2380N-06V10;575;;;;;;;;
2380N-16V12;MTR POLYFLEX SLANG DN25 BLUE;Parker;2380N-16V12;;;;;;;;;
2380N-16V13;MTR POLYFLEX SLANG DN25 GREEN;Parker;2380N-16V13;;;;;;;;;
2380N-16V16;MTR POLYFLEX SLANG DN25 YELLOW;Parker;2380N-16V16;;;;;;;;;
2380N-20V30;MTR POLYFLEX SLANG DN32;Parker;2380N-20V30;275;;;;;;;;
2388N-04-04V04V04;MTR POLYFLEX SLANG;Parker;2388N-04-04V04V04;;;;;;;;;
2388N-04V00;MTR POLYFLEX SLANG;Parker;2388N-04V00-DL;;;;;;;;;
2388N-08V12;MTR POLYFLEX SLANG;Parker;2388N-08V12;;;;;;;;;
2390N-04V00;MTR POLYFLEX HIGH PRESSURE HOSE DN06 BLACK;Parker;2390N-04V00;;;;;;;;;
2390N-04V10;MTR POLYFLEX HIGH PRESSURE HOSE DN06 BLACK;Parker;2390N-04V10-DL;;;;;;;;;
2390N-04V12;MTR POLYFLEX HIGH PRESSURE HOSE DN06 BLUE;Parker;2390N-04V12-DL;;;;;;;;;
2390N-04V16;MTR POLYFLEX HIGH PRESSURE HOSE DN06 YELLOW;Parker;2390N-04V16-DL;;;;;;;;;
2390N-08V10;MTR POLYFLEX HIGH PRESSURE HOSE DN12;Parker;2390N-08V10;;;;;;;;;
2390N-08V12;MTR POLYFLEX HIGH PRESSURE HOSE DN12 BLUE;Parker;2390N-08V12-DL;;;;;;;;;
2390N-08V13;MTR POLYFLEX HIGH PRESSURE HOSE DN12 GREEN;Parker;2390N-08V13-DL;;;;;;;;;
2390N-08V16;MTR POLYFLEX HIGH PRESSURE HOSE DN12 YELLOW;Parker;2390N-08V16-DL;;;;;;;;;
2390N-08V91;MTR POLYFLEX HIGH PRESSURE HOSE DN12 BLACK;Parker;2390N-08V91;;;;;;;;;
2390N-12-12V00V00;MTR POLYFLEX HIGH PRESSURE HOSE TWIN DN20;Parker;2390N-12-12V00V00;;;;;;;;;
2390N-12V03;MTR POLYFLEX HIGH PRESSURE HOSE DN20 GREEN;Parker;2390N-12V03;;;;;;;;;
2390N-16V12;MTR POLYFLEX HIGH PRESSURE HOSE DN20 BLUE;Parker;2390N-16V12;;;;;;;;;
2390N-16V13;MTR POLYFLEX HIGH PRESSURE HOSE DN25 GREEN;Parker;2390N-16V13;;;;;;;;;
2390N-16V16;MTR POLYFLEX HIGH PRESSURE HOSE DN25 YELLOW;Parker;2390N-16V16;;;;;;;;;
2440D-025V32-TC;ULTRA HIGH PRESSURE HOSE DN 04;Parker;2440D-025V32-TC;;;;;;;;;
2440D-03V32;ULTRA HIGH PRESSURE HOSE DN 05 180 MPA;Parker;2440D-03V32-DL;1800;;;;;;;;
2440D-03V37;ULTRA HIGH PRESSURE HOSE DN 05 180 MPA;Parker;2440D-03V37-DL;1800;;;;;;;;
2440D-04V32;ULTRA HIGH PRESSURE HOSE DN 06 120MPA;Parker;2440D-04V32;1200;;;;;;;;
2440D-05V32;ULTRA HIGH PRESSURE HOSE DN 08;Parker;2440D-05V32;;;;;;;;;
2440N-06V30;ULTRA HIGH PRESSURE HOSE 140 MPA;Parker;2440N-06V30;1400;;;;;;;;
2440N-08V30;ULTRA HIGH PRESSURE HOSE 130 MPA;Parker;2440N-08V30;1300;;;;;;;;
2440N-12V30;ULTRA HIGH PRESSURE HOSE 100 MPA;Parker;2440N-12V30;1000;;;;;;;;
2440N-16V30;ULTRA HIGH PRESSURE HOSE;Parker;2440N-16V30;900;;;;;;;;
2440N-16V37;ULTRA HIGH PRESSURE HOSE;Parker;2440N-16V37;;;;;;;;;
2440N-16V91/16-43.2MM-10K;ULTRA HIGH PRESSURE HOSE DOUBLE WALL 1″;Parker;2440N-16V91/16-43.2MM-10K;;;;;;;;;
2580N-06V12;PARKER POLYFLEX SLANG DARK BLUE DN10 1600 BAR;Parker;2580N-06V12;1600;;;;;;;;
2580N-08V12;PARKER POLYFLEX SLANG DARK BLUE DN12 1400 BAR;Parker;2580N-08V12;1400;;;;;;;;
2640D-03V32;ULTRA HIGH PRESSURE HOSE DN 05 250 MPA;Parker;2640D-03V32;2500;;;;;;;;
2640N-08V32;ULTRA HIGH PRESSURE HOSE DN12 1800 BAR;Parker;2640N-08V32;1800;;;;;;;;
2648N-32V80;BLACK EAGLE 2″ WP 15.000 PSI;Parker;2648N-32V80;1;;;;;;;;
301SN-10;NO-SKIVE 15.9MM (5/8) DN16 SAE100R2AT W.P. 250 BAR 301SN10;Parker;301SN-10;250;13001-10MM;28,5;;;;;;
301SN-12;NO-SKIVE 19.1MM (3/4) DN20 SAE100R2AT W.P. 215 BAR 301SN12;Parker;301SN-12;215;13001-12MM;32,3;;;;;;
301SN-16;NO-SKIVE 25.4MM (1) DN25 SAE100R2AT W.P. 165 BAR;Parker;301SN-16;165;13001-16MM;40,8;;;;;;
301SN-20;NO-SKIVE 31.8MM (1-1/4) DN32 SAE100R2AT W.P. 125 BAR;Parker;301SN-20;125;13001-20MM;50,9;;;;;;
301SN-24;NO-SKIVE 38.1MM (1-1/2) DN40 SAE100R2AT W.P. 90 BAR;Parker;301SN-24;90;13001-24MM;58;;;;;;
301SN-32;NO-SKIVE 50.8MM (2) DN50 SAE100R2AT W.P. 80 BAR;Parker;301SN-32;80;13001-32MM;70,8;;;;;;
301SN-4;NO-SKIVE 6.3MM (1/4) DN06 SAE100R2AT W.P. 400 BAR;Parker;301SN-4;400;13001-04MM;17,5;;;;;;
301SN-40;NO-SKIVE 63.1MM (2-1/2) DN63 SAE100R2AT W.P. 69 BAR;F.B. Hydraulic SRL;131110640;69;13001-40MM;;;;;;;
301SN-48;NO-SKIVE 75.5MM (3) DN75 SAE100R2AT W.P. 50 BAR;F.B. Hydraulic SRL;131110648;50;13001-48MM;;;;;;;
301SN-5;NO-SKIVE 7.9MM (5/16) DN08 SAE100R2AT W.P. 350 BAR;Parker;301SN-5;350;13001-05MM;19,4;;;;;;
301SN-6;NO-SKIVE 9.5MM (3/8) DN10 SAE100R2AT W.P. 330 BAR;Parker;301SN-6;330;13001-06MM;20,9;;;;;;
301SN-8;NO-SKIVE 12.7MM (1/2) DN12 SAE100R2AT W.P. 275 BAR;Parker;301SN-8;275;13001-08MM;25,1;;;;;;
301TC-10;NO-SKIVE 16MM (5/8) DN16 SAE100R2AT W.P. 250 BAR;Parker;301TC-10;250;13001-10MM;;;;;;;
301TC-12;NO-SKIVE 19MM (3/4) DN19 SAE100R2AT W.P. 215 BAR;Parker;301TC-12;215;13001-12MM;;;;;;;
301TC-16;NO-SKIVE 25.4MM (1) DN25 SAE100R2AT W.P. 165 BAR;Parker;301TC-16;165;13001-16MM;;;;;;;
301TC-20;NO-SKIVE 31.8MM (11/4) DN31 SAE100R2AT W.P. 125 BAR;Parker;301TC-20;125;13001-20MM;;;;;;;
301TC-24;NO-SKIVE 38.1MM (1-1/2) DN40 SAE100R2AT W.P. 90 BAR;Parker;301TC-24;90;13001-24MM;;;;;;;
301TC-32;NO-SKIVE 50.8MM (2) DN50 T.C. SAE100R2AT W.P. 80 BAR;Parker;301TC-32;80;13001-32MM;;;;;;;
301TC-4;NO-SKIVE 6.4MM (1/4) DN06 SAE100R2AT W.P. 400 BAR;Parker;301TC-4;400;13001-04MM;;;;;;;
301TC-6;NO-SKIVE 9.5MM (3/8) DN10 SAE100R2AT W.P. 330 BAR;Parker;301TC-6;330;13001-06MM;;;;;;;
301TC-8;NO-SKIVE 12MM (1/2) DN10 SAE100R2AT W.P. 275 BAR;Parker;301TC-8;275;13001-08MM;;;;;;;
372RH-10;PARKER RAIL HOSE 372RH DN16;Parker;372RH-10;;;;;;;;;
421SN-10;NO-SKIVE 15.9MM (5/8) DN16 SAE100R1AT 1SN W.P. 130 BAR;Parker;421SN-10;130;13001-10MM;26,5;;;13002-10MM;26,8;;
421SN-12;NO-SKIVE 19.1MM (3/4) DN20 SAE100R1AT 1SN W.P. 105 BAR;Parker;421SN-12;105;13001-12MM;31,1;;;13002-12MM;31;;
421SN-16;NO-SKIVE 25.4MM (1) DN25 SAE100R1AT 1SN W.P. 88 BAR;Parker;421SN-16;88;13001-16MM;38,3;;;13002-16MM;38,8;;
421SN-20;NO-SKIVE 31.8MM (1-1/4) DN32 SAE100R1AT 1SN W.P. 63 BAR;Parker;421SN-20;63;13001-20MM;48;;;13002-20MM;48;;
421SN-24;NO-SKIVE 38.1MM (1-1/2) DN40 SAE100R1AT 1SN W.P. 50 BAR;Parker;421SN-24;50;13001-24MM;55,2;;;13002-24MM;55,2;;
421SN-32;NO-SKIVE 50.8MM (2) DN50 SAE100R1AT 1SN W.P. 40 BAR;Parker;421SN-32;40;13001-32MM;68,5;;;13002-32MM;68,4;;
421SN-4;NO-SKIVE 6.3MM (1/4) DN06 SAE100R1AT 1SN W.P. 225 BAR;Parker;421SN-4;225;13001-04MM;16,5;;;13002-04MM;15,5;;
421SN-5;NO-SKIVE 7.9MM (5/16) DN08 SAE100R1AT 1SN W.P. 215 BAR;Parker;421SN-5;215;13001-05MM;18,7;;;13002-05MM;17,8;;
421SN-6;NO-SKIVE 9.5MM (3/8) DN10 SAE100R1AT 1SN W.P. 180 BAR;Parker;421SN-6;180;13001-06MM;20,1;;;13002-06MM;20,4;;
421SN-8;NO-SKIVE 12.7MM (1/2) DN12 SAE100R1AT 1SN W.P. 160 BAR;Parker;421SN-8;160;13001-08MM;24,3;;;13002-08MM;23,4;;
421TC-04;NO-SKIVE 6.3MM (1/4) DN06 SAE100R1AT W.P. 225 BAR;Parker;421TC-4;225;13001-04MM;17,5;;;;;;
421TC-06;NO-SKIVE 9.5MM (3/8) DN10 SAE100R1AT W.P. 180 BAR;Parker;421TC-6;180;13001-06MM;20,9;;;;;;
421TC-08;NO-SKIVE 12.7MM (1/2) DN12 SAE100R1AT W.P. 160 BAR;Parker;421TC-8;160;13001-08MM;25,1;;;;;;
421TC-24;NO-SKIVE 38.1MM (1-1/2) DN40 SAE100R1AT 1SN W.P. 50 BAR;Parker;421TC-24;50;13001-24MM;58;;;;;;
421TC-32;NO-SKIVE 50.8MM (2) DN50 SAE100R1AT 1SN W.P. 40 BAR;Parker;421TC-32;40;13001-32MM;70,8;;;;;;
422-12;NO-SKIVE 19.0MM (3/4) DN19 SAE100R1AT 1SN W.P. 105 BAR;Parker;422-12;105;;;;;;;;
422-16;NO-SKIVE 25.4MM (1) DN25 SAE100R1AT 1SN W.P. 88 BAR;Parker;422-16;88;;;;;;;;
422-24;NO-SKIVE 38.1MM (1-1/2) DN40 SAE100R1AT 1SN W.P. 50 BAR;Parker;422-24;50;;;;;;;;
422-6;NO-SKIVE 9.5MM (3/8) DN10 SAE100R1AT 1SN W.P. 180 BAR;Parker;422-4;180;;;;;;;;
422-8;NO-SKIVE 12.7MM (1/2) DN12 SAE100R1AT 1SN W.P. 160 BAR;Parker;422-8;160;;;;;;;;
431-12;MTR COMPACT NO-SKIVE HOSE;Parker;431-12;;;;;;;;;
431-16;MTR COMPACT NO-SKIVE HOSE;Parker;431-16;;;;;;;;;
431-4;MTR COMPACT NO-SKIVE HOSE;Parker;431-4;;;;;;;;;
431-6;MTR COMPACT NO-SKIVE HOSE;Parker;431-6;;;;;;;;;
431-8;MTR COMPACT NO-SKIVE HOSE;Parker;431-8;;;;;;;;;
441-04;NO-SKIVE 6.3MM (1/4) DN06 SAE100R16 W.P. 350 BAR;Parker;441-4;350;;;;;;;;
441-05;NO-SKIVE 7.9MM (5/16) DN08 SAE100R16 W.P. 297 BAR;Parker;441-5;297;;;;;;;;
441-06;NO-SKIVE 9.5MM (3/8) DN10 SAE100R16 W.P. 280 BAR;Parker;441-6;280;;;;;;;;
441-08;NO-SKIVE 12.7MM (1/2) DN12 SAE100R16 W.P. 245 BAR;Parker;441-8;245;;;;;;;;
441-10;NO-SKIVE 15.9MM (5/8) DN16 SAE100R16 W.P. 192 BAR;Parker;441-10;192;;;;;;;;
441-12;NO-SKIVE 19.1MM (3/4) DN20 SAE100R16 W.P. 157 BAR;Parker;441-12;157;;;;;;;;
441-16;NO-SKIVE 25.4MM (1) DN25 SAE100R16 W.P. 140 BAR;Parker;441-16;140;;;;;;;;
441RH-10;MTR SAE 100 R16 DN16 RAILWAY HOSE;Parker;441RH-10;192;13001-10MM;26,5;;;13002-10MM;26,8;;
441RH-12;MTR SAE 100 R16 DN20 RAILWAY HOSE;Parker;441RH-12;157;13001-12MM;31,1;;;13002-12MM;31;;
441RH-16;MTR SAE 100 R16 DN25 RAILWAY HOSE;Parker;441RH-16;140;13001-16MM;38,3;;;13002-16MM;38,8;;
441RH-4;MTR SAE 100 R16 DN6 RAILWAY HOSE;Parker;441RH-4;350;13001-04MM;16,5;;;13002-04MM;15,5;;
441RH-5;MTR SAE 100 R16 DN8 RAILWAY HOSE;Parker;441RH-5;297;13001-05MM;18,7;;;13002-05MM;17,8;;
441RH-6;MTR SAE 100 R16 DN10 RAILWAY HOSE;Parker;441RH-6;280;13001-06MM;20,1;;;13002-06MM;20,4;;
441RH-8;MTR SAE 100 R16 DN12 RAILWAY HOSE;Parker;441RH-8;245;13001-08MM;24,3;;;13002-08MM;23,4;;
510A-4;PARFLEX 510A-4 DN06;Parker;510A-4;;;;;;;;;
510D-10;PARFLEX 510D-10 DN16 SAE 100 R7 HOSE;Parker;510D-10;;;;;;;;;
510D-12;PARFLEX 510D-12 DN20 SAE 100 R7;Parker;510D-12;;;;;;;;;
510D-16;PARFLEX 510D-16 DN25;Parker;510D-16;;;;;;;;;
510D-3;PARFLEX 510D-3 DN05 ISO / SAE 100 R7;Parker;510D-3;;;;;;;;;
510D-4;PARFLEX 510D-4 DN06 ISO / SAE 100 R7;Parker;510D-4;;;;;;;;;
510D-5;PARFLEX 510D-5 DN08 ISO / SAE 100 R7;Parker;510D-5;;;;;;;;;
510D-5-5;THERMOPLASTIC MEDIUM PRESSURE 8.0MM (5/16) DN08 R7 W.P. 165B;Parker;510D-5-5;165;;;;;;;;
510D-6;PARFLEX 510D-6 DN 10 SAE 100 R7;Parker;510D-6;;;;;;;;;
510D-8;PARFLEX 510D-8 DN12 ISO / SAE 100 R7;Parker;510D-8;;;;;;;;;
5155-3;THERMOPLASTIC FUEL HOSE SAE 30R3 4.3MM (3/16) DN05;Parker;5155-3;;;;;;;;;
5155-5;PARFLEX 5155-5 DN08;Parker;5155-5;;;;;;;;;
518C-04;THERMOPLASTIC NON-CONDUCTIVE 6.3MM (1/4) DN06 R7 WP. 190 BAR;Parker;518C-4;190;;;;;;;;
518C-06;THERMOPLASTIC NON-CONDUCTIVE 9.5MM (3/8) DN10 R7 WP. 155 BAR;Parker;518C-6;155;;;;;;;;
518D-12;PARFLEX 518D-12 DN20 NC HOSE;Parker;518D-12;;;;;;;;;
518D-4;PARFLEX 518D-4 DN06 NC HOSE;Parker;518D-4;;;;;;;;;
518D-8;PARFLEX 518D-8 DN12 NC HOSE;Parker;518D-8;;;;;;;;;
520N-04-04;TWIN PARFLEX 520N-4-4 DN06 R8 520N-4-4;Parker;520N-4-4;;;;;;;;;
520N-05-05;TWIN PARFLEX 520N-5-5 DN08 R8 520N-5-5;Parker;520N-5-5;;;;;;;;;
520N-06-06;TWIN PARFLEX 520N-6-6 DN10 R8 520N-6-6;Parker;520N-6-6;;;;;;;;;
520N-08-08;TWIN PARFLEX 520N-8-8 DN12 R8 520N8-8;Parker;520N-8-8;;;;;;;;;
520N-08-08-08;TRIPLE PARFLEX 520N-8-8-8 DN12 R8 520N-8-8-8-26;Parker;520N-8-8-8-26;;;;;;;;;
520N-3;THERMOPLASTIC HIGH PRESSURE 4.3MM (3/16) DN05 R8 W.P. 345;Parker;520N-3;345;;;;;;;;
520N-4;THERMOPLASTIC HIGH PRESSURE 6.3MM (1/4) DN06 R8 W.P. 345;Parker;520N-4;345;;;;;;;;
520N-5;THERMOPLASTIC HIGH PRESSURE 7.9MM (5/16) DN08 R8 W.P. 310;Parker;520N-5;310;;;;;;;;
520N-6;THERMOPLASTIC HIGH PRESSURE 9.5MM (3/8) DN10 R8 W.P. 275;Parker;520N-6;275;;;;;;;;
520N-8;THERMOPLASTIC HIGH PRESSURE 12.7MM (1/2) DN12 R8 W.P. 240;Parker;520N-8;240;;;;;;;;
526BA-4;BREATHING AIR REFILL HOSE 6000 PSI CONSTANT PRESSURE;Parker;526BA-4;413,7;;;;;;;;
527BA-4;BREATHING AIR REFILL HOSE_REEL;Parker;527BA-4;;;;;;;;;
528N-3;THERMOPLASTIC NON-CONDUCTIVE 4.3MM (3/16) DN05 R8 WP. 345 BA;Parker;528N-3;345;;;;;;;;
528N-4;THERMOPLASTIC NON-CONDUCTIVE 6.3MM (1/4) DN06 R8 WP. 345 BAR;Parker;528N-4;345;;;;;;;;
528N-5;THERMOPLASTIC NON-CONDUCTIVE 7.9MM (5/16) DN08 R8 WP 310 BAR;Parker;528N-5;310;;;;;;;;
528N-6;THERMOPLASTIC NON-CONDUCTIVE 9.5MM (3/8) DN10 R8 WP. 276 BAR;Parker;528N-6;276;;;;;;;;
528N-8;THERMOPLASTIC NON-CONDUCTIVE 12.7MM (1/2) DN13 R8 WP. 241 BA;Parker;528N-8;241;;;;;;;;
53DM-10;THERMOPLASTIC MEDIUM PRESSURE 15.9MM (5/8) DN16 R18 W.P.210B;Parker;53DM-10;210;;;;;;;;
53DM-4;THERMOPLASTIC MEDIUM PRESSURE 6.3MM (1/4) DN06 R18 W.P. 210B;Parker;53DM-4;210;;;;;;;;
53DM-6;THERMOPLASTIC MEDIUM PRESSURE 9.5MM (3/8) DN10 R18 W.P. 210B;Parker;53DM-6;210;;;;;;;;
53DM-8;THERMOPLASTIC MEDIUM PRESSURE 12.7MM (1/2) DN12 R18 W.P.210B;Parker;53DM-8;210;;;;;;;;
540N-2;MTR NYLAFLOW HOSE R7;Parker;540N-2;;;;;;;;;
540N-3;MTR NYLAFLOW HOSE R7;Parker;540N-3;;;;;;;;;
540N-6;MTR NYLAFLOW HOSE R7;Parker;540N-6;;;;;;;;;
540N-8;MTR NYLAFLOW HOSE R7;Parker;540N-8-DL;;;;;;;;;
540P-8;PARFLEX-SCHLAUCH DN12 H;Parker;540P-8;;;;;;;;;
550H-12;THERMOPLASTIC MEDIUM PRESSURE 19.1MM (3/4) DN20 R7 W.P. 85 B;Parker;550H-12-DL;85;;;;;;;;
550H-3;THERMOPLASTIC MEDIUM PRESSURE 4.3MM (3/16) DN05 R7 W.P. 225;Parker;550H-3;225;;;;;;;;
550H-3-3;THERMOPLASTIC MEDIUM PRESSURE 4.3MM (3/16) DN05 R7 W.P. 225;Parker;550H-3-3;225;;;;;;;;
550H-4;THERMOPLASTIC MEDIUM PRESSURE 6.3MM (1/4) DN06 R7 W.P. 210 B;Parker;550H-4;210;;;;;;;;
550H-4-4;THERMOPLASTIC MEDIUM PRESSURE 6.3MM (1/4) DN06 R7 W.P. 210 B;Parker;550H-4-4;210;;;;;;;;
550H-6;THERMOPLASTIC MEDIUM PRESSURE 9.5MM (3/8) DN10 R7 W.P. 175 B;Parker;550H-6;175;;;;;;;;
550H-6-6;THERMOPLASTIC MEDIUM PRESSURE 9.5MM (3/8) DN10 R7 W.P. 155 B;Parker;550H-6-6;155;;;;;;;;
550H-6-6-6;THERMOPLASTIC MEDIUM PRESSURE 9.5MM (3/8) DN10 R7 W.P. 155 B;Hydrauliek Online;550H-6-6-6;155;;;;;;;;
550H-8;THERMOPLASTIC MEDIUM PRESSURE 12.7MM (1/2) DN13 R7 W.P. 140B;Parker;550H-8;140;;;;;;;;
56DH-2;PARKER DIAGNOSTIC PLASTIC HOSE;Parker;56DH-2;;;;;;;;;
575X-12;LOW EXP./WP 5000 PSI PARFLEX;Parker;575X-12;344,7;;;;;;;;
575X-16;LOW EXP./WP 5000 PSI PARFLEX;Parker;575X-16;344,7;;;;;;;;
575X-4;LOW EXP./WP 5000 PSI PARFLEX;Parker;575X-4;344,7;;;;;;;;
575X-6;LOW EXP./WP 5000 PSI PARFLEX;Parker;575X-6;344,7;;;;;;;;
575XN-8;LOW EXP./WP 5000 PSI PARFLEX;Parker;575XN-8;344,7;;;;;;;;
580N-04;PARFLEX HOSE 580N-4;Parker;580N-4;;;;;;;;;
580N-06;PARFLEX HOSE 580N-6;Parker;580N-6;;;;;;;;;
580N-08;PARFLEX HOSE 580N-8;Parker;580N-8;;;;;;;;;
580N-08-08;PARFLEX TWIN HOSE 580N-8-8;Parker;580N-8-8;;;;;;;;;
580N-12;PARFLEX HOSE 580N-12;Parker;580N-12;;;;;;;;;
588N-06;MTR PARFLEX SLANG R8 588N-6;Parker;588N-6;;;;;;;;;
588N-08;MTR PARFLEX SLANG R8 588N-8;Parker;588N-8;;;;;;;;;
588N-10;MTR PARFLEX SLANG R8;Parker;588N-10;;;;;;;;;
588N-12;MTR PARFLEX SLANG R8;Parker;588N-12;;;;;;;;;
588N-4;MTR PARFLEX SLANG R8;Parker;588N-4;;;;;;;;;
7200-04;HYDR. HOSE 700 BAR;Calseyde;VHP-DN06-0412;700;7201-04;16,6;;;;;;
7200-04TWIN;HYDR. HOSE 700 BAR TWIN;Calseyde;VHPD-DN06-1412;700;;;;;;;;
7200-06;HYDR. HOSE 700 BAR;Calseyde;VHP-DN10-0414;700;7201-06;22,1;;;;;;
7200-06LGR;HYDR. HOSE 700 BAR LIME GREEN;Calseyde;VHP-DN10-0404 LIOME GREEN;700;;;;;;;;
7200-06ORA;HYDR. HOSE 700 BAR ORANGE;Calseyde;VHP-DN10-0404 ORANGE;700;;;;;;;;
7200N-04;HYDR. HOSE 700 BAR NON-CONDUCTIVE;Calseyde;VHP-DN06-0462;700;;;;;;;;
811-12;NO-SKIVE 19.1MM (3/4) DN20 SAE 100R4 SUCTION AND RETURN;Parker;811-12;21;;;;;;;;
811-16;NO-SKIVE 25.4MM (1) DN25 SAE 100R4 SUCTION AND RETURN;Parker;811-16;17;;;;;;;;
811-20;NO-SKIVE 31.8MM (1-1/4) DN32 100R4 SUCTION AND RETURN;Parker;811-20;14;;;;;;;;
811-24;NO-SKIVE 38.1MM (1-1/2) DN40 100R4 SUCTION AND RETURN;Parker;811-24;10;;;;;;;;
811-32;NO-SKIVE 50.8MM (2) DN50 100R4 SUCTION AND RETURN;Parker;811-32;7;;;;;;;;
811-40;NO-SKIVE 62.3MM (2-1/2) DN62 100R4 SUCTION AND RETURN;Parker;811-40;4;;;;;;;;
811-48;NO-SKIVE 75MM (3) DN75 100R4 SUCTION AND RETURN;Parker;811-48;4;;;;;;;;
811-56;NO-SKIVE 89MM (3-1/2) DN90 100R4 SUCTION AND RETURN;Dietzel;14A-56;;;;;;;;;
811S-32;NO-SKIVE 50.8MM (2) 100R4 SUCTION AND RETURN;Parker;811S-32;10;;;;;;;;
811S-40;NO-SKIVE 63.5MM (2-1/2) 100R4 SUCTION AND RETURN;Parker;811S-40;10;;;;;;;;
811S-48;NO-SKIVE 76.2MM (3) 100R4 SUCTION AND RETURN;Parker;811S-48;10;;;;;;;;
811S-56;NO-SKIVE 88.9MM (31/2) 100R4 SUCTION AND RETURN;Parker;811S-56;;;;;;;;;
811S-64;NO-SKIVE 101.6MM (4) 100R4 SUCTION AND RETURN;Parker;811S-64;;;;;;;;;
811S-80;NO-SKIVE 127.0MM (5) 100R4 SUCTION AND RETURN;Parker;811S-80;;;;;;;;;
811S-96;NO-SKIVE 152.4MM (6) 100R4 SUCTION AND RETURN;Parker;811S-96;;;;;;;;;
881-12;NO-SKIVE 19.1MM (3/4) DN20 SAE 100R4 SUCTION AND RETURN;Parker;881-12;21;;;;;;;;
881-16;NO-SKIVE 25.4MM (1) DN25 SAE 100R4 SUCTION AND RETURN;Parker;881-16;17;;;;;;;;
881-20;NO-SKIVE 31.8MM (1-1/4) DN32 100R4 SUCTION AND RETURN;Parker;881-20;14;;;;;;;;
881-24;NO-SKIVE 38.1MM (1-1/2) DN40 100R4 SUCTION AND RETURN;Parker;881-24;10;;;;;;;;
881-32;NO-SKIVE 50.8MM (2) DN50 100R4 SUCTION AND RETURN;Parker;881-32;7;;;;;;;;
881-40;NO-SKIVE 63.5MM (21/2) DN63 100R4 SUCTION AND RETURN;Parker;881-40;4;;;;;;;;
919-6;SMOOTH BORE PTFE HOSE 5/16 DN8 W.P. 170 BAR;Parker;919-6;170;;;;;;;;
919U-12;SMOOTH BORE PTFE HOSE 5/8 DN16 W.P. 80 BAR;Parker;919U-12;80;;;;;;;;
919U-16;SMOOTH BORE PTFE HOSE 7/8 DN22 W.P. 69 BAR;Parker;919U-16;69;;;;;;;;
919U-4;SMOOTH BORE PTFE HOSE 3/16 DN5 W.P. 210 BAR;Parker;919U-4;210;;;;;;;;
919U-6;SMOOTH BORE PTFE HOSE 5/16 DN8 W.P. 170 BAR;Parker;919U-6;170;;;;;;;;
919U-8;SMOOTH BORE PTFE HOSE 13/32 W.P.140 BAR;Parker;919U-8;140;;;;;;;;
AIR06MM;AIRHOSE AIRFORM PLW 20 ø 6x12 mm;Peters;P002228;;;;;;;;;
AIR08MM;LUCHTSLANG AIRFORM BS5118/2;Peters;P002231;;;;;;;;;
AIR10MM;LUCHTSLANG AIRFORM BS5118/2-ø10X17MM;Peters;P002208;;;;;;;;;
AIR10MMGEEL 15 BAR;AIRHOSE UNIVERSAL/15 YELLOW ø 10x3,5;Peters;P001869;;;;;;;;;
AIR13MM;AIRHOSE AIRFORM PLW 20 Ø 13 x 21 mm;Peters;P002211;;;;;;;;;
AIR13MMGEEL 15 BAR;AIRHOSE UNIVERSAL/15 YELLOW ø 13x3,5;Peters;10LU15013YEL406;;;;;;;;;
AIR13MMGEEL 20 BAR;AIRHOSE UNIVERSAL/20-YELLOW ø 13x23 mm;Peters;10LU20013YOO406;;;;;;;;;
AIR16MM;LUCHTSLANG AIRFORM BS5118/2;Arbon;5941625 L=50 mtr.;;;;;;;;;
AIR19MM;LUCHTSLANG AIRFORM BS5118/2;Arbon;5941929-NOBRA AIR L=20 mtr;;;;;;;;;
AIR19MMBLAUW;AIRHOSE UNIVERSAL 3/4 BLUE;Klinger;10002050019;;;;;;;;;
AIR19MMGEEL 15 BAR;AIRHOSE UNIVERSAL/15 YELLOW ø 19x4,5;Peters;10LU15019YEL406;;;;;;;;;
AIR19MMGEEL 20 BAR;AIRHOSE UNIVERSAL/20-YELLOW ø 19x31 mm;Peters;P001903;;;;;;;;;
AIR19MMGRIJS;LUCHTSLANG UNIVERSEL 3/4 GRIJS;Peters;AIR19MMGRIJS;;;;;;;;;
AIR25MM;LUCHTSLANG AIRFORM BS5118/2;Peters;P002223;;;;;;;;;
AIR25MMGEEL;AIRHOSE UNIVERSAL 1 YELLOW;Gaasbeek;3202025039;;;;;;;;;
AIR25MMGEEL 20 BAR;AIRHOSE UNIVERSAL/20-YELLOW ø 25x37 mm;Peters;10LU20025YOO406;;;;;;;;;
AIR38MM;LUCHTSLANG AIRFORM BS5118/2;Peters;AIR38MM;;;;;;;;;
AIR63MM;LUCHTSLANG 2.1/2 ID;Rubaflex;DS063;;;;;;;;;
NOBELAIR 06X12MM;ADEMLUCHTSLANG NOBEL AIR AS/R BREATH;Peters;P000199;;;;;;;;;
NOBELAIR 08X13MM;AIRHOSE NOBEL AIR BLUE SOFT;Peters;20LNBL008000079;;;;;;;;;
NOBELAIR 08X14MM;ADEMLUCHTSLANG NOBEL AIR AS/R BREATH;Peters;P000201;;;;;;;;;
NOBELAIR 10X16MM;ADEMLUCHTSLANG NOBEL AIR AS/R BREATH;Peters;P000196;;;;;;;;;
NOBELAIR 10X16MMRED;ADEMLUCHTSLANG NOBEL AIR AS/R BREATH;Peters;NOBELAIR 10X16MMRED;;;;;;;;;
NOBELAIR 12X19MM;ADEMLUCHTSLANG NOBEL AIR AS/R BREATH;Peters;P000197;;;;;;;;;
NOBELAIR 13X19MM;AIR HOSE NOBEL AIR BLUE SOFT;Peters;20LNBL013000079;;;;;;;;;
NOBELAIR 19X28MM;ADEMLUCHTSLANG NOBEL AIR AS/R BREATH;Peters;P000198;;;;;;;;;
PDH-2;PARKER HOSE 1/8″;Parker;PDH-2;;;;;;;;;
SR25-32;NO-SKIVE 50.8MM (2) DN51 MULTI SPIRAL W.P. 250BAR;Parker;SR25-32;250;;;;;;;;
SR25TC-32;NO-SKIVE 50.8MM (2) DN51 MULTI SPIRAL TC W.P. 250BAR;Parker;SR25TC-32;250;;;;;;;;
SR29-24;NO-SKIVE 38.1MM (11/2) DN12 MULTI SPIRAL W.P. 290BAR;Parker;SR29-24;290;;;;;;;;
SR29TC-24;NO-SKIVE 38.1MM (11/2) DN12 MULTI SPIRAL TC W.P. 290BAR;Parker;SR29TC-24;290;;;;;;;;
SR35-10;NO-SKIVE 15.9MM (5/8) DN16 MULTI SPIRAL W.P. 350BAR;Parker;SR35-10;350;;;;;;;;
SR35-12;NO-SKIVE 19.1MM (3/4) DN19 MULTI SPIRAL W.P. 350BAR;Parker;SR35-12;350;;;;;;;;
SR35-16;NO-SKIVE 25.4MM (1) DN25 MULTI SPIRAL W.P. 350BAR;Parker;SR35-16;350;;;;;;;;
SR35-20;NO-SKIVE 31.8MM (11/4) DN31 MULTI SPIRAL W.P. 350BAR;Parker;SR35-20;350;;;;;;;;
SR35-8;NO-SKIVE 12.7MM (1/2) DN12 MULTI SPIRAL W.P. 350BAR;Parker;SR35-8;350;;;;;;;;
SR35TC-10;NO-SKIVE 15.9MM (5/8) DN16 MULTI SPIRAL TC W.P. 350BAR;Parker;SR35TC-10;350;;;;;;;;
SR35TC-12;NO-SKIVE 19.1MM (3/4) DN19 MULTI SPIRAL TC W.P. 350BAR;Parker;SR35TC-12;350;;;;;;;;
SR35TC-16;NO-SKIVE 25.4MM (1) DN25 LOW TEMP. W.P. 350 BAR;Parker;SR35TC-16;350;;;;;;;;
SR35TC-20;NO-SKIVE 31.8MM (11/4) DN31 MULTI SPIRAL TC W.P. 350BAR;Parker;SR35TC-20;350;;;;;;;;
SR35TC-8;NO-SKIVE 12.7MM (1/2) DN12 MULTI SPIRAL TC W.P. 350BAR;Parker;SR35TC-8;350;;;;;;;;
SR45-6;NO-SKIVE 17.1MM (3/8) DN10 MULTI SPIRAL W.P. 450BAR;Parker;SR45-6;450;;;;;;;;
SR45TC-6;NO-SKIVE 17.1MM (3/8) DN10 MULTI SPIRAL TC W.P. 450BAR;Parker;SR45TC-6;450;;;;;;;;
SRI42-10;NO-SKIVE 15.9MM (5/8) DN16 MULTI SPIRAL W.P. 420BAR;Parker;SRI42-10;420;;;;;;;;
SRI42-12;NO-SKIVE 19.1MM (3/4) DN19 MULTI SPIRAL W.P. 420BAR;Parker;SRI42-12;420;;;;;;;;
SRI42-16;NO-SKIVE 25.4MM (1) DN25 MULTI SPIRAL W.P. 420BAR;Parker;SRI42-16;420;;;;;;;;
SRI42-20;NO-SKIVE 31.8MM (11/4) DN31 MULTI SPIRAL W.P. 420BAR;Parker;SRI42-20;420;;;;;;;;
SRI42-8;NO-SKIVE 12.7MM (1/2) DN12 MULTI SPIRAL W.P. 420BAR;Parker;SRI42-8;420;;;;;;;;
SRI42TC-10;NO-SKIVE 15.9MM (5/8) DN16 MULTI SPIRAL TC W.P. 420BAR;Parker;SRI42TC-10;420;;;;;;;;
SRI42TC-12;NO-SKIVE 19.1MM (3/4) DN19 MULTI SPIRAL TC W.P. 420BAR;Parker;SRI42TC-12;420;;;;;;;;
SRI42TC-16;NO-SKIVE 25.4MM (1) DN25 MULTI SPIRAL TC W.P. 420BAR;Parker;SRI42TC-16;420;;;;;;;;
SRI42TC-20;NO-SKIVE 31.8MM (11/4) DN31 MULTI SPIRAL TC W.P. 420BAR;Parker;SRI42TC-20;420;;;;;;;;
SRI42TC-8;NO-SKIVE 12.7MM (1/2) DN12 MULTI SPIRAL TC W.P. 420BAR;Parker;SRI42TC-8;420;;;;;;;;
SX35LT-12;SX35LT-12;Parker;SX35LT-12;;;;;;;;;
SX35LT-16;NO-SKIVE 25.4MM (1) DN25 LOW TEMP. W.P. 350 BAR;Parker;SX35LT-16;350;;;;;;;;
SX35LT-20;NO-SKIVE 31.5MM (11/4) DN32 LOW TEMP. W.P. 350 BAR;Parker;SX35LT-20;350;;;;;;;;
SX42LT-12;NO-SKIVE 19.1MM (3/4) DN20 LOW TEMP. W.P. 420 BAR;Parker;SX42LT-12;420;;;;;;;;
SX42LT-16;NO-SKIVE 25.4MM (1) DN25 LOW TEMP. W.P. 420 BAR;Parker;SX42LT-16;420;;;;;;;;
SX42LT-20;NO-SKIVE 31.5MM (11/4) DN32 LOW TEMP. W.P. 420 BAR;Parker;SX42LT-20;420;;;;;;;;
0441-04;4SP 6.4MM (1/4) DN06 OUT.SKIVE W.P. 450 BAR;Interpump;TFDM4SP-04;450;;;;;;;;
0441-06;4SP 9.5MM (3/8) DN10 OUT.SKIVE W.P. 445 BAR;Interpump;TFDM4SP-06;445;;;;;;;;
0441-08;4SP 12.7MM (1/2) DN12 OUT.SKIVE W.P. 415 BAR;Interpump;TFDM4SPN08;415;;;;;;;;
0441-10;4SP 15.9MM (5/8) DN16 OUT.SKIVE W.P. 350 BAR;Interpump;TFDM4SP-10;350;;;;;;;;
0441-10RM;4SP 15.9MM (5/8) DN16 OUT.SKIVE W.P. 350 BAR;Parker;0441-10RM;192;;;;;;;;
0441-12;4SP 19.1MM (3/4) DN20 OUT.SKIVE W.P. 350 BAR;Interpump;TFDM4SP-12;350;;;;;;;;
0441-16;4SP 25.4MM (1) DN25 OUT.SKIVE W.P. 280 BAR;Interpump;TFDM4SPN16;280;;;;;;;;
0441-24;4SP 38.1MM (1-1/2) DN38 OUT. SKIVE W.P. 185 BAR;Interpump;TFD04SP-24;185;;;;;;;;
0441-32;4SP 50.8MM (2) DN50 OUT.SKIVE W.P. 172 BAR;Interpump;TFD04SP-32;172;;;;;;;;
0442-06;MTR SLANG (4SP) TYPE TFD;Interpump;TFD04SP-06;;;;;;;;;
0442-08;MTR SLANG (4SP) TYPE TFD;Interpump;TFD04SP-08;;;;;;;;;
0442-10;MTR SLANG (4SP) TYPE TFD;Interpump;TFD04SP-10;;;;;;;;;
0442-12;MTR SLANG (4SP) TYPE TFD;Interpump;TFD04SP-12;;;;;;;;;
0442-16;MTR SLANG (4SP) TYPE TFD;Interpump;TFDM4SP-16;;;;;;;;;
0442-20;MTR SLANG (4SP) TYPE TFD;Interpump;TFD04SP-20;;;;;;;;;
0442-24;MTR SLANG (4SP) TYPE TFD;Interpump;TFD04SP-24;;;;;;;;;
0446-12;4SH 19.1MM (3/4) DN20 IN-/OUT. SKIVE W.P. 420 BAR;Interpump;TFDR4SH-12;420;;;;;;;;
0446-16;4SH 25.4MM (1) DN25 IN-/OUT. SKIVE W.P. 385 BAR;Interpump;TFDR4SH-16;385;;;;;;;;
0446-20;4SH 31.8MM (1-1/4) DN32 IN-/OUT. SKIVE W.P. 350 BAR;Interpump;TFDR4SH-20;350;;;;;;;;
0446-24;4SH 38.1MM (1-1/2) DN38 IN-/OUT. SKIVE W.P. 300 BAR;Interpump;TFDR4SH-24;300;;;;;;;;
0446-32;4SH 50.8MM (2) DN50 IN-/OUT. SKIVE W.P. 250 BAR;Interpump;TFDR4SH-32;250;;;;;;;;
0447-10;R15-DN16 (5/8) IN-/OUT. SKIVE W.P. 420 BAR;Interpump;TFDR015-10;420;;;;;;;;
0447-12;R15-DN19 (3/4) IN-/OUT. SKIVE W.P. 420 BAR;Interpump;TFDR015-12;420;;;;;;;;
0447-16;R15-DN25 (1) IN-/OUT. SKIVE W.P. 420 BAR;Interpump;TFDR015-16;420;;;;;;;;
0447-20;R15-DN32 (1-1/4) IN-/OUT. SKIVE W.P. 420 BAR;Interpump;TFDR015-20;420;;;;;;;;
0447-24;R15-DN38 (1-1/2) IN-/OUT. SKIVE W.P. 420 BAR;Interpump;TFDR015-24;420;;;;;;;;
0447-32;R15-DN50 (2) IN-/OUT. SKIVE W.P. 420 BAR;Interpump;TFDR015-32;420;;;;;;;;
0449-04;MTR SLANG (R13) WP 690 BAR;Parker;0003S0032357;690;;;;;;;;
0449-06;MTR SLANG (R13);Parker;3005320;;;;;;;;;
0449-08;MTR SLANG (R13);Parker;0003S0135821;;;;;;;;;
0449-16;R13 25.4MM (1) DN25 WP 350BAR;Interpump;TFDR013-16;350;;;;;;;;
0449-20;R13 31.8MM (1-1/4) DN32 IN-/OUT. SKIVE W.P. 350 BAR;Parker;R35-20;350;100V4-20;50,2;21,5;74;;;;
0449-24;R13 38.1MM (1-1/2) DN38 IN-/OUT. SKIVE W.P. 350 BAR;Parker;R35-24;350;100V6-24;63,2;22;65;;;;
0449-32;R13 50.8MM (2) DN50 IN-/OUT. SKIVE W.P. 350 BAR;Parker;R35-32;350;100V6-32;77,3;22;75;;;;
0449-40;MTR SLANG (R13);Manuli;0480-40;;;;;;;;;
0449-48;MTR SLANG (R13);Parker;H10103076MSC9;;;;;;;;;
0480-32;MTR SLANG (R15) MANULI DIAMONDSPIR;Manuli;0480-32;;;;;;;;;
0731-20;NO-SKIVE 31.8MM (1-1/4) DN32 4SH W.P. 32.5 MPa;Parker;731-20;325;;;;;;;;
0731-24;NO-SKIVE 38.1MM (1-1/2) DN38 4SH W.P. 29.0 MPa;Parker;731-24;290;;;;;;;;
0731-32;NO-SKIVE 50.8MM (2) DN50 4SH W.P. 25.0 MPa;Parker;731-32;250;;;;;;;;
0731TC-12;NO-SKIVE 19.0MM (3/4) DN19 4SH T.C. W.P. 42.0 MPa;Parker;731TC-12;420;;;;;;;;
0731TC-16;NO-SKIVE 25.4MM (1) DN25 4SH T.C. W.P. 38.0 MPa;Parker;731TC-16;380;;;;;;;;
0731TC-20;NO-SKIVE 31.8MM (1-1/4) DN32 4SH T.C. W.P. 32.5 MPa;Parker;731TC-20;325;;;;;;;;
0731TC-32;NO-SKIVE 50MM (2) DN50 4SH T.C. 731TC-32;Parker;731TC-32;;;;;;;;;
0791TC-12;NO-SKIVE 19.1MM (3/4) DN20 XTREME T.C. W.P. 42.0 MPa;Parker;791TC-12;420;;;;;;;;
0791TC-16;NO-SKIVE 25.4MM (1) DN25 XTREME T.C. W.P. 42.0 MPa;Parker;791TC-16;420;;;;;;;;
0791TC-24;NO-SKIVE 38.1MM (1-1/2) DN38 XTREME T.C. W.P. 42.0 MPa;Parker;791TC-24;420;;;;;;;;
424-32;MEDIUM PRESSURE HOSE PHOSPHATE ESTHER 2″;Parker;424-32;;;;;;;;;
701-10;4SP 15.9MM (5/8) DN16 NO-SKIVE W.P. 350 BAR;Parker;701-10;350;;;;;;;;
701-12;4SP 19.1MM (3/4) DN20 NO-SKIVE W.P. 350 BAR;Parker;701-12;350;;;;;;;;
701-16;4SP 25.4MM (1) DN25 NO-SKIVE W.P. 280 BAR;Parker;701-16;280;;;;;;;;
701-8;4SP 12.7MM (1/2) DN12 NO-SKIVE W.P. 415 BAR;Parker;701-8;415;;;;;;;;
701TC-10;4SP 15.9MM (5/8) DN16 NO-SKIVE W.P. 350 BAR T.C.;Parker;701TC-10;350;;;;;;;;
BPK-12;MTR SLANG (BLASTOPAK);Parker;BPK-12;1100;WB;37,6;15;52;;;;
BPK-16;MTR SLANG (BLASTOPAK);Parker;BPK-16;800;WB;46,5;17;65;;;;
BPK-6;MTR SLANG (BLASTOPAK);Parker;BPK-6;1100;WB;24,5;12;38;;;;
BPK-8;MTR SLANG (BLASTOPAK);Parker;BPK-8-DL40;1100;WB;30,2;13;43;;;;
F42-12;R15 19.1MM (3/4) DN20 NO. SKIVE PHOSPHATE ESTER W.P. 420 BAR;Parker;F42-12;420;;;;;;;;
F42-16;R15 25.4MM (1) DN25 NO. SKIVE PHOSPHATE ESTER W.P. 420 BAR;Parker;F42-16;420;;;;;;;;
F42-20;R15 31.8MM (1-1/4) DN31 NO-SKIVE W.P. 420 BAR;Parker;F42-20;420;;;;;;;;
FA35-12;PARLOCK FIREARMOR R35 DN19 (19.1MM) 3/4 WP 350;Parker;FA35-12;350;;;;;;;;
FA35-12-DL;PARLOCK FIREARMOR R35 DN19 (19.1MM) 3/4 WP 350;Parker;FA35-12-DL;350;;;;;;;;
FA35-16;PARLOCK FIREARMOR R35 DN25 (25.4MM) 1 WP 350;Parker;FA35-16;350;;;;;;;;
FA35-20;PARLOCK FIREARMOR R35 DN31  (31.8MM) 1 WP 350;Parker;FA35-20;350;;;;;;;;
FA35-6;PARLOCK FIREARMOR R35 DN10 (9.5MM) 3/8 WP 350;Parker;FA35-6;350;;;;;;;;
FA35-8;PARLOCK FIREARMOR R35 DN12 (12.7MM) 1/2 WP 350;Parker;FA35-8;350;;;;;;;;
H29-12;4SH 19.1MM (3/4) DN20 IN-/OUT. SKIVE W.P. 430 BAR;Parker;H29-12;430;100V4-12;33,9;15;52;;;;
H29-16;4SH 25.4MM (1) DN25 IN-/OUT. SKIVE W.P. 400 BAR;Parker;H29-16;400;100V4-16;42,5;17;65;;;;
H29-20;4SH 31.8MM (1-1/4) DN32 IN-/OUT. SKIVE W.P. 350 BAR;Parker;H29-20;350;100V4-20;50,2;21,5;74;;;;
H29-24;4SH 38.1MM (1-1/2) DN38 IN-/OUT. SKIVE W.P. 310 BAR;Parker;H29-24;310;100V4-24;57,3;22;81;;;;
H29-32;4SH 50.8MM (2) DN50 IN-/OUT. SKIVE W.P. 280 BAR;Parker;H29-32;280;100V4-32;73,5;29;85;;;;
H29ST-12;4SH 19.1MM (3/4) DN20 S.T. IN-/OUT. SKIVE W.P. 430 BAR;Parker;H29ST-12;430;100V4-12;33,9;15;52;;;;
H29ST-16;4SH 25.4MM (1) DN25 S.T. IN-/OUT. SKIVE W.P. 400 BAR;Parker;H29ST-16;400;100V4-16;42,5;17;65;;;;
H29ST-20;4SH 31.8MM (1-1/4) DN32 S.T. IN-/OUT. SKIVE W.P. 350 BAR;Parker;H29ST-20;350;100V4-20;50,2;21,5;74;;;;
H29ST-24;4SH 38.1MM (1-1/2) DN38 S.T. IN-/OUT. SKIVE W.P. 310 BAR;Parker;H29ST-24;310;100V4-24;57,3;22;81;;;;
H29ST-32;4SH 50.8MM (2) DN50 S.T. IN-/OUT. SKIVE W.P. 280 BAR;Parker;H29ST-32;280;100V4-32;73,5;29;85;;;;
H29TC-12;4SH 19.1MM (3/4) DN20 T.C. IN-/OUT. SKIVE W.P. 430 BAR;Parker;H29TC-12;430;100V4-12;33,9;15;52;;;;
H29TC-16;4SH 25.4MM (1) DN25 T.C. IN-/OUT. SKIVE W.P. 400 BAR;Parker;H29TC-16;400;100V4-16;42,5;17;65;;;;
H29TC-20;4SH 31.8MM (1-1/4) DN32 T.C. IN-/OUT. SKIVE W.P. 350 BAR;Parker;H29TC-20;350;100V4-20;50,2;21,5;74;;;;
H29TC-24;4SH 38.1MM (1-1/2) DN38 T.C. IN-/OUT. SKIVE W.P. 310 BAR;Parker;H29TC-24;310;100V4-24;57,3;22;81;;;;
H29TC-32;4SH 38.1MM (2) DN50 T.C. IN-/OUT. SKIVE W.P. 280 BAR;Parker;H29TC-32;280;100V4-32;73,5;29;85;;;;
H31-04;4SP 6.3MM (1/4) DN06 OUT. SKIVE W.P. 500 BAR;Parker;H31-4;500;VS;19,8;;29;;;;
H31-06;4SP 9.5MM (3/8) DN10 OUT. SKIVE W.P. 445 BAR;Parker;H31-6;445;VS;23,5;;28;;;;
H31-08;4SP 12.7MM (1/2) DN12 OUT. SKIVE W.P. 415 BAR;Parker;H31-8;415;VS;26,5;;32;;;;
H31-10;4SP 15.9MM (5/8) DN16 OUT. SKIVE W.P. 390 BAR;Parker;H31-10;390;100V4-10;30,4;14,5;50;;;;
H31-12;4SP 19.1MM (3/4) DN20 OUT. SKIVE W.P. 350 BAR;Parker;H31-12;350;100V4-12;33,9;15;52;;;;
H31-16;4SP 25.4MM (1) DN25 OUT. SKIVE W.P. 310 BAR;Parker;H31-16;310;100V4-16;41,6;17;65;;;;
H31-20;4SP 31.8MM (1-1/4) DN32 OUT. SKIVE W.P. 280 BAR;Interpump;TFDM4SPN20;280;;;;;;;;
H31ST-06;4SP 9.5MM (3/8) DN10 S.T. OUT. SKIVE W.P. 445 BAR;Parker;H31ST-6;445;VS;23,5;;28;;;;
H31ST-08;4SP 12.7MM (1/2) DN12 S.T. OUT. SKIVE W.P. 415 BAR;Parker;H31ST-8;415;VS;26,5;;32;;;;
H31ST-10;4SP 15.9MM (5/8) DN16 S.T. OUT. SKIVE W.P. 390 BAR;Parker;H31ST-10;390;100V4-10;30,4;14,5;50;;;;
H31TC-06;4SP 9.5MM (3/8) DN10 T.C. OUT. SKIVE W.P. 445 BAR;Parker;H31TC-6;445;VS;23,5;;28;;;;
H31TC-08;4SP 12.7MM (1/2) DN12 T.C. OUT. SKIVE W.P. 415 BAR;Parker;H31TC-8;415;VS;26,5;;32;;;;
H31TC-10;4SP 15.9MM (5/8) DN16 T.C. OUT. SKIVE W.P. 390 BAR;Parker;H31TC-10;390;100V4-10;30,4;14,5;50;;;;
H31TC-12;4SP 19.1MM (3/4) DN20 T.C. OUT. SKIVE W.P. 350 BAR;Parker;H31TC-12;350;100V4-12;33,9;15;52;;;;
H31TC-16;4SP 25.4MM (1) DN25 T.C. OUT. SKIVE W.P. 310 BAR;Parker;H31TC-16;310;100V4-16;41,6;17;65;;;;
PLK28TC-32;PARKER 4SH 50,8MM (2) DN50 IN/OUT. SKIVE W.P. 280 BAR;Parker;PLK28TC-32;280;100V4-32;73,5;29;85;;;;
PLK31TC-24;PARKER 4SH 38,1MM (11/2) DN38 IN/OUT. SKIVE W.P. 310 BAR;Parker;PLK31TC-24;310;100V4-24;57,3;22;81;;;;
PLK35TC-20;PARKER 4SH 31,8MM (11/4) DN32 IN/OUT. SKIVE W.P. 350 BAR;Parker;PLK35TC-20;350;100V4-20;50,2;21,5;74;;;;
PLK35TC-40;PARKER R13 63,5MM (21/2) DN63 IN/OUT. SKIVE W.P. 350 BAR;Parker;PLK35TC-40;350;100V6-40;94,0;30;99;;;;
PLK35TC-48;PARKER R13 76,0MM (3) DN76 IN/OUT. SKIVE W.P. 210/350 BAR;Parker;PLK35TC-48;210;100V6-48;99,6;22;75;;;;
PLK39TC-10;PARKER 4SP 15,9MM (5/8) DN16 IN/OUT. SKIVE W.P. 390 BAR;Parker;PLK39TC-10;390;100V4-10;30,4;14,5;50,0;;;;
PLK40TC-16;PARKER 4SH 25,4MM (1) DN25 IN/OUT. SKIVE W.P. 400 BAR;Parker;PLK40TC-16;400;100V4-16;42,5;17;65;;;;
PLK42TC-8;PARKER 4SP 12,7MM (1/2) DN12 OUT. SKIVE W.P. 420 BAR;Parker;PLK42TC-8;420;VS;26,5;;32;;;;
PLK43TC-12;PARKER 4SH 19,1MM (3/4) DN20 IN/OUT. SKIVE W.P. 430 BAR;Parker;PLK43TC-12;430;100V4-12;33,9;15;52;;;;
PLK45TC-6;PARKER 4SP 9,5MM (3/8) DN10 OUT. SKIVE W.P. 450 BAR;Parker;PLK45TC-6;450;VS;23,5;;28;;;;
PLK50TC-4;PARKER 4SP 6.3MM (1/4) DN06 OUT. SKIVE W.P. 500 BAR;Parker;PLK50TC-4;500;VS;19,8;;29;;;;
R35-24;R13 38MM (1-1/2) DN38 IN-/OUT. SKIVE W.P. 350 BAR;Parker;R35-24;350;100V6-24;63,2;22;65;;;;
R35-32;R13 50.8MM (2) DN50 IN-/OUT. SKIVE W.P. 350 BAR;Parker;R35-32;350;100V6-32;77,3;22;75;;;;
R35TC-16;R13 TC 25.4MM (1) DN25 IN-/OUT. SKIVE W.P. 350 BAR;Parker;R35TC-16;350;100V4-16;42,5;17;65;;;;
R35TC-20;R13 TC 31.8MM (1-1/4) DN32 IN-/OUT. SKIVE W.P. 350 BAR;Parker;R35TC-20;350;100V4-20;50,2;21,5;74;;;;
R35TC-24;R13 TC 38.1MM (1-1/2) DN38 IN-/OUT. SKIVE W.P. 350 BAR;Parker;R35TC-24;350;100V6-24;63,2;22;65;;;;
R35TC-32;R13 TC 50.8MM (2) DN51 IN-/OUT. SKIVE W.P. 350 BAR;Parker;R35TC-32;350;100V6-32;77,3;22;75;;;;
R35TC-40;R13 TC 63.5MM (21/2) DN63 IN-/OUT. SKIVE W.P. 350 BAR;Parker;R35TC-40;350;;;;;;;;
R35TC-48;R13 TC 76MM (3) DN76 IN-/OUT. SKIVE W.P. 350 BAR;Parker;RS35TC-48;350;;;;;;;;
R42-12;R15 19.1MM (3/4) DN20 IN-/OUT. SKIVE W.P. 420 BAR;Parker;R42-12;420;100V4-12;33,9;15;52;;;;
R42-16;R15 25.4MM (1) DN25 IN-/OUT. SKIVE W.P. 420 BAR;Parker;R42-16;420;100V4-16;42,5;17;65;;;;
R42-20;R15 31.8MM (1-1/4) DN32 IN-/OUT. SKIVE W.P. 420 BAR;Parker;R42-20;420;100V6-20;55,5;22;58;;;;
R42-24;R15 38.1MM (1-1/2) DN38 IN-/OUT. SKIVE W.P. 420 BAR;Parker;R42-24;420;100V6-24;63,2;22;65;;;;
R42-32;R15 50.8MM (2) DN50 IN-/OUT. SKIVE W.P. 420 BAR;Parker;R42-32;420;100V6-32;78;22;75;;;;
R42ST-12;R15 19.1MM (3/4) DN20 IN-/OUT. SKIVE W.P. 420 BAR;Parker;R42ST-12;420;100V4-12;33,9;15;52;;;;
R42ST-16;R15 25.4MM (1) DN25 IN-/OUT. SKIVE W.P. 420 BAR;Parker;R42ST-16;420;100V4-16;42,5;17;65;;;;
R42ST-20;R15 31.8MM (1-1/4) DN32 IN-/OUT. SKIVE W.P. 420 BAR;Parker;R42ST-20;420;100V6-20;55,5;22;58;;;;
R42ST-24;R15 38.1MM (1-1/2) DN38 IN-/OUT. SKIVE W.P. 420 BAR;Parker;R42ST-24;420;100V6-24;63,2;22;65;;;;
R42ST-32;R15 50.8MM (2) DN50 IN-/OUT. SKIVE W.P. 420 BAR;Parker;R42ST-32;420;100V6-32;78;22;75;;;;
R42TC-12;R15 19.1MM (3/4) DN20 IN-/OUT. SKIVE W.P. 420 BAR;Parker;R42TC-12;420;100V4-12;33,9;15;52;;;;
R42TC-16;R15 25.4MM (1) DN25 IN-/OUT. SKIVE W.P. 420 BAR;Parker;R42TC-16;420;100V4-16;42,5;17;65;;;;
R42TC-20;R15 31.8MM (1-1/4) DN32 IN-/OUT. SKIVE W.P. 420 BAR;Parker;R42TC-20;420;100V6-20;55,5;22;58;;;;
R42TC-24;R15 38.1MM (1-1/2) DN38 IN-/OUT. SKIVE W.P. 420 BAR;Parker;R42TC-24;420;100V6-24;63,2;22;65;;;;
R42TC-32;R15 50.8MM (2) DN50 IN-/OUT. SKIVE W.P. 420 BAR;Parker;R42TC-32;420;100V6-32;78;22;75;;;;
R50TC-12;R15 19.1MM (3/4) DN20 IN-/OUT. SKIVE W.P. 420 BAR;Parker;R50TC-12;500;100V4-12;34,4;15;52;;;;
R50TC-16;R15 25.4MM (1) DN25 IN-/OUT. SKIVE W.P. 420 BAR;Parker;R50TC-16;500;100V4-16;42,2;17;65;;;;
R50TC-20;R15 31.8MM (1-1/4) DN32 IN-/OUT. SKIVE W.P. 420 BAR;Parker;R50TC-20;500;100V6-20;57;22;58;;;;
R56TC-4;R15 6.4MM (1/4) DN06 TOUGH COVER SKIVE W.P. 560 BAR;Parker;R56TC-4;560;VS;20,5;;29;;;;
