artikelnummer,[Items.Description],draadsoort,maat,stand,type
10212-02-04,CR. FITT. METR. BANJO STR. 1/8 X DN06,banjo,1/8,0,
10212-10-03,CR. FITT. METR. BANJO STR. 10MM X DN05,banjo,10MM,0,
10212-10-04,CR. FITT. METR. BANJO STR. 10MM X DN06,banjo,10MM,0,
10212-10-05,CR. FITT. METR. BANJO STR. 10MM X DN08,banjo,10MM,0,
10212-12-03,CR. FITT. METR. BANJO STR. 12MM X DN05,banjo,12MM,0,
10212-12-04,CR. FITT. METR. BANJO STR. 12MM X DN06,banjo,12MM,0,
10212-12-05,CR. FITT. METR. BANJO STR. 12MM X DN08,banjo,12MM,0,
10212-13-03,CR. FITT. METR. BANJO STR. 1/4 X DN05,banjo,1/4,0,
10212-13-04,CR. FITT. METR. BANJO STR. 1/4 X DN06,banjo,1/4,0,
10212-13-05,CR. FITT. METR. BANJO STR. 1/4 X DN08,banjo,1/4,0,
10212-13-06,CR. FITT. METR. BANJO STR. 1/4 X DN10,banjo,1/4,0,
10212-14-04,CR. FITT. METR. BANJO STR. 14MM X DN06,banjo,14MM,0,
10212-14-05,CR. FITT. METR. BANJO STR. 14MM X DN08,banjo,14MM,0,
10212-14-06,CR. FITT. METR. BANJO STR. 14MM X DN10,banjo,14MM,0,
10212-16-05,CR. FITT. METR. BANJO STR. 16MM X DN08,banjo,16MM,0,
10212-16-06,CR. FITT. METR. BANJO STR. 16MM X DN10,banjo,16MM,0,
10212-17-04,CR. FITT. METR. BANJO STR. 3/8 X DN06,banjo,3/8,0,
10212-17-05,CR. FITT. METR. BANJO STR. 3/8 X DN08,banjo,3/8,0,
10212-17-06,CR. FITT. METR. BANJO STR. 3/8 X DN10,banjo,3/8,0,
10212-17-08,CR. FITT. METR. BANJO STR. 3/8 X DN12,banjo,3/8,0,
10212-18-05,CR. FITT. METR. BANJO STR. 18MM X DN08,banjo,18MM,0,
10212-18-06,CR. FITT. METR. BANJO STR. 18MM X DN06,banjo,18MM,0,
10212-18-08,CR. FITT. METR. BANJO STR. 18MM X DN12,banjo,18MM,0,
10212-21-05,CR. FITT. METR. BANJO STR. 1/2 X DN08,banjo,1/2,0,
10212-21-06,CR. FITT. METR. BANJO STR. 1/2 X DN10,banjo,1/2,0,
10212-21-08,CR. FITT. METR. BANJO STR. 1/2 X DN12,banjo,1/2,0,
10212-22-06,CR. FITT. METR. BANJO STR. 22MM X DN10,banjo,22MM,0,
10212-22-08,CR. FITT. METR. BANJO STR. 22MM X DN12,banjo,22MM,0,
10212-22-10,CR. FITT. METR. BANJO STR. 22MM X DN16,banjo,22MM,0,
10212-23-10,CR. FITT. METR. BANJO STR. 5/8 X DN16,banjo,5/8,0,
10212-26-08,CR. FITT. METR. BANJO STR. 26MM X DN12,banjo,26MM,0,
10212-26-12,CR. FITT. METR. BANJO STR. 26MM X DN20,banjo,26MM,0,
10212-33-12,CR. FITT. METR. BANJO STR. 1 X DN20,banjo,1,0,
10212-33-16,CR. FITT. METR. BANJO STR. 1 X DN25,banjo,1,0,
10213-02-03,CR. FITT. BSP SWIVEL STR. 1/8 X DN05,bsp,1/8,0,wartel
10213-02-04,CR. FITT. BSP SWIVEL STR. 1/8 X DN06,bsp,1/8,0,wartel
10213-04-03,CR. FITT. BSP SWIVEL STR. 1/4 X DN05,bsp,1/4,0,wartel
10213-04-04,CR. FITT. BSP SWIVEL STR. 1/4 X DN06,bsp,1/4,0,wartel
10213-04-04MS,CR. FITT. BSP SWIVEL STR. 1/4 X DN06 MS,bsp,1/4,0,wartel
10213-04-04NIS,CR. FITT. BSP SWIVEL STR. 1/4 X DN06 NISSAN,bsp,1/4,0,wartel
10213-04-04OR,CR. FITT. BSP SWIVEL STR. 1/4 X DN06 O-RING,bsp,1/4,0,wartel
10213-04-04SWIVEL,CR. FITT. BSP SWIVEL STR. 1/4 X DN06 SWIVEL,bsp,1/4,0,wartel
10213-04-04VL,CR. FITT. BSP SWIVEL STR. 1/4 X DN06 FLAT SEAT,bsp,1/4,0,wartel
10213-04-05,CR. FITT. BSP SWIVEL STR. 1/4 X DN08,bsp,1/4,0,wartel
10213-04-06,CR. FITT. BSP SWIVEL STR. 1/4 X DN10,bsp,1/4,0,wartel
10213-06-04,CR. FITT. BSP SWIVEL STR. 3/8 X DN06,bsp,3/8,0,wartel
10213-06-04VL,CR. FITT. BSP SWIVEL STR. 3/8 X DN06 FLAT SEAT,bsp,3/8,0,wartel
10213-06-05,CR. FITT. BSP SWIVEL STR. 3/8 X DN08,bsp,3/8,0,wartel
10213-06-06,CR. FITT. BSP SWIVEL STR. 3/8 X DN10,bsp,3/8,0,wartel
10213-06-06NIS,CR. FITT. BSP SWIVEL STR. 3/8 X DN10 NISSAN,bsp,3/8,0,wartel
10213-06-06SWIVEL,CR. FITT. BSP SWIVEL STR. 3/8 X DN10 SWIVEL,bsp,3/8,0,wartel
10213-06-06VL,CR. FITT. BSP SWIVEL STR. 3/8 X DN10 FLAT SEAT,bsp,3/8,0,wartel
10213-06-08,CR. FITT. BSP SWIVEL STR. 3/8 X DN12,bsp,3/8,0,wartel
10213-08-04,CR. FITT. BSP SWIVEL 1/2 X DN06,bsp,1/2,0,wartel
10213-08-05,CR. FITT. BSP SWIVEL STR. 1/2 X DN08,bsp,1/2,0,wartel
10213-08-05VL,CR. FITT. BSP SWIVEL STR. 1/2 X DN08 FLAT SEAT,bsp,1/2,0,wartel
10213-08-06,CR. FITT. BSP SWIVEL STR. 1/2 X DN10,bsp,1/2,0,wartel
10213-08-06VL,CR. FITT. BSP SWIVEL STR. 1/2 X DN10 FLAT SEAT,bsp,1/2,0,wartel
10213-08-06ZK,CR. FITT. BSP SWIVEL STR. 1/2 X DN10 WIRE NUT,bsp,1/2,0,wartel
10213-08-08,CR. FITT. BSP SWIVEL STR. 1/2 X DN12,bsp,1/2,0,wartel
10213-08-08NIS,CR. FITT. BSP SWIVEL STR. 1/2 X DN12 NISSAN,bsp,1/2,0,wartel
10213-08-08OR,CR. FITT. BSP SWIVEL STR. 1/2 X DN12 O-RING,bsp,1/2,0,wartel
10213-08-08SWIVEL,CR. FITT. BSP SWIVEL STR. 1/2 X DN12 SWIVEL,bsp,1/2,0,wartel
10213-08-08VL,CR. FITT. BSP SWIVEL STR. 1/2 X DN12 FLAT SEAT,bsp,1/2,0,wartel
10213-08-10,CR. FITT. BSP SWIVEL STR. 1/2 X DN16,bsp,1/2,0,wartel
10213-08-12,CR. FITT. BSP SWIVEL STR. 1/2 X DN20,bsp,1/2,0,wartel
10213-10-06MS,CR. FITT. BSP SWIVEL STR. 5/8 X DN10 MS,bsp,5/8,0,wartel
10213-10-08,CR. FITT. BSP SWIVEL STR. 5/8 X DN12,bsp,5/8,0,wartel
10213-10-08VL,CR. FITT. BSP SWIVEL STR. 5/8 X DN12 FLAT SEAT,bsp,5/8,0,wartel
10213-10-10,CR. FITT. BSP SWIVEL STR. 5/8 X DN16,bsp,5/8,0,wartel
10213-12-08,CR. FITT. BSP SWIVEL STR. 3/4 X DN12,bsp,3/4,0,wartel
10213-12-08VL,CR. FITT. BSP SWIVEL STR. 3/4 X DN12 FLAT SEAT,bsp,3/4,0,wartel
10213-12-08VL-H,CR. FITT. BSP SWIVEL STR. 3/4 X DN12 FLAT SEAT,bsp,3/4,0,wartel
10213-12-10,CR. FITT. BSP SWIVEL STR. 3/4 X DN16,bsp,3/4,0,wartel
10213-12-10VL,CR. FITT. BSP SWIVEL STR. 3/4 X DN16 FLAT SEAT,bsp,3/4,0,wartel
10213-12-12,CR. FITT. BSP SWIVEL STR. 3/4 X DN20,bsp,3/4,0,wartel
10213-12-12NIS,CR. FITT. BSP SWIVEL STR. 3/4 X DN20 NISSAN,bsp,3/4,0,wartel
10213-12-12OR,CR. FITT. BSP SWIVEL STR. 3/4 X DN20 O-RING,bsp,3/4,0,wartel
10213-12-12SWIVEL,CR. FITT. BSP SWIVEL STR. 3/4 X DN20 SWIVEL,bsp,3/4,0,wartel
10213-12-12VL,CR. FITT. BSP SWIVEL STR. 3/4 X DN20 FLAT SEAT,bsp,3/4,0,wartel
10213-12-12ZK,CR. FITT. BSP SWIVEL STR. 3/4 X DN20 WIRE NUT,bsp,3/4,0,wartel
10213-12-16,CR. FITT. BSP SWIVEL STR. 3/4 X DN25,bsp,3/4,0,wartel
10213-12-16VL,CR. FITT. BSP SWIVEL STR. 3/4 X DN25 FLAT SEAT,bsp,3/4,0,wartel
10213-16-08VLMS,CR. FITT. BSP SWIVEL MESSING,bsp,1,0,wartel
10213-16-12,CR. FITT. BSP SWIVEL STR. 1 X DN20,bsp,1,0,wartel
10213-16-12VL,CR. FITT. BSP SWIVEL STR. 1 X DN20 FLAT SEAT,bsp,1,0,wartel
10213-16-16,CR. FITT. BSP SWIVEL STR. 1 X DN25,bsp,1,0,wartel
10213-16-16NIS,CR. FITT. BSP SWIVEL STR. 1 X DN25 NISSAN,bsp,1,0,wartel
10213-16-16OR,CR. FITT. BSP SWIVEL STR. 1 X DN25 O-RING,bsp,1,0,wartel
10213-16-16VL,CR. FITT. BSP SWIVEL STR. 1 X DN25 FLAT SEAT,bsp,1,0,wartel
10213-16-20,CR. FITT. BSP SWIVEL STR. 1 X DN32,bsp,1,0,wartel
10213-20-16,CR. FITT. BSP SWIVEL STR. 11/4 X DN25,bsp,11/4,0,wartel
10213-20-16VL,CR. FITT. BSP SWIVEL STR. 11/4 X DN25 FLAT SEAT,bsp,11/4,0,wartel
10213-20-20,CR. FITT. BSP SWIVEL STR. 11/4 X DN32,bsp,11/4,0,wartel
10213-20-20VL,CR. FITT. BSP SWIVEL STR. 11/4 X DN32 FLAT SEAT,bsp,11/4,0,wartel
10213-20-24,CR. FITT. BSP SWIVEL STR. 11/4 X DN40,bsp,11/4,0,wartel
10213-24-20,CR. FITT. BSP SWIVEL STR. 11/2 X DN32,bsp,11/2,0,wartel
10213-24-24,CR. FITT. BSP SWIVEL STR. 11/2 X DN40,bsp,11/2,0,wartel
10213-24-24OR,CR. FITT. BSP SWIVEL STR. 11/2 X DN40 O-RING,bsp,11/2,0,wartel
10213-24-24VL,CR. FITT. BSP SWIVEL STR. 11/2 X DN40 FLAT SEAT,bsp,11/2,0,wartel
10213-28-24MS,CR. FITT. BSP SWIVEL STR. 13/4 X DN40 MS,bsp,13/4,0,wartel
10213-32-24,CR. FITT. BSP SWIVEL STR. 2 X DN40,bsp,2,0,wartel
10213-32-32,CR. FITT. BSP SWIVEL STR. 2 X DN50,bsp,2,0,wartel
10213-32-32VL,CR. FITT. BSP SWIVEL STR. 2 X DN50 FLAT SEAT,bsp,2,0,wartel
10213-40-40,CR. FITT. BSP SWIVEL STR. 21/2 X DN63,bsp,21/2,0,wartel
10213-48-48,CR. FITT. BSP SWIVEL STR. 3 X DN75,bsp,3,0,wartel
10214-06-05,CR. FITT. SAE SWIVEL STR.,sae,3/8,0,wartel
10214-06-06,CR. FITT. SAE SWIVEL STR.,sae,3/8,0,wartel
10214-08-08,CR. FITT. SAE SWIVEL STR. FOR LPG,sae,1/2,0,wartel
10215-04-03,CR. FITT. JIC 37° SWIVEL STR. 7/16 X DN05,jic,7/16,0,wartel
10215-04-04,CR. FITT. JIC 37° SWIVEL STR. 7/16 X DN06,jic,7/16,0,wartel
10215-04-05,CR. FITT. JIC 37° SWIVEL STR. 7/16 X DN08,jic,7/16,0,wartel
10215-05-04,CR. FITT. JIC 37° SWIVEL STR. 1/2 X DN06,jic,1/2,0,wartel
10215-05-05,CR. FITT. JIC 37° SWIVEL STR. 1/2 X DN08,jic,1/2,0,wartel
10215-05-06,CR. FITT. JIC 37° SWIVEL STR. 1/2 X DN10,jic,1/2,0,wartel
10215-06-04,CR. FITT. JIC 37° SWIVEL STR. 9/16 X DN06,jic,9/16,0,wartel
10215-06-05,CR. FITT. JIC 37° SWIVEL STR. 9/16 X DN08,jic,9/16,0,wartel
10215-06-06,CR. FITT. JIC 37° SWIVEL STR. 9/16 X DN10,jic,9/16,0,wartel
10215-06RVS04MS,CR. FITT. JIC 37° SWIVEL STR. 9/16 ST/ST X DN06 MS,jic,9/16,0,wartel
10215-06RVS06MS,CR. FITT. JIC 37° SWIVEL STR. 9/16 ST/ST X DN10 MS,jic,9/16,0,wartel
10215-08-05,CR. FITT. JIC 37° SWIVEL STR. 3/4 X DN08,jic,3/4,0,wartel
10215-08-06,CR. FITT. JIC 37° SWIVEL STR. 3/4 X DN10,jic,3/4,0,wartel
10215-08-06SW22,CR. FITT. JIC 37° SWIVEL STR. 3/4 X DN10 SW22,jic,3/4,0,wartel
10215-08-08,CR. FITT. JIC 37° SWIVEL STR. 3/4 X DN12,jic,3/4,0,wartel
10215-10-06,CR. FITT. JIC 37° SWIVEL STR. 7/8 X DN10,jic,7/8,0,wartel
10215-10-08,CR. FITT. JIC 37° SWIVEL STR. 7/8 X DN12,jic,7/8,0,wartel
10215-10-10,CR. FITT. JIC 37° SWIVEL STR. 7/8 X DN16,jic,7/8,0,wartel
10215-10-12,CR. FITT. JIC 37° SWIVEL STR. 7/8 X DN20,jic,7/8,0,wartel
10215-12-08,CR. FITT. JIC 37° SWIVEL STR. 1-1/16 X DN12,jic,1-1/16,0,wartel
10215-12-08ZK,CR. FITT. JIC 37° SWIVEL STR. 1-1/16 X DN12 HEX,jic,1-1/16,0,wartel
10215-12-10,CR. FITT. JIC 37° SWIVEL STR. 1-1/16 X DN16,jic,1-1/16,0,wartel
10215-12-12,CR. FITT. JIC 37° SWIVEL STR. 1-1/16 X DN20,jic,1-1/16,0,wartel
10215-12-16,CR. FITT. JIC 37° SWIVEL STR. 1-1/16 X DN25,jic,1-1/16,0,wartel
10215-14-12,CR. FITT. JIC 37° SWIVEL STR. 1-3/16 X DN20,jic,1-3/16,0,wartel
10215-16-12,CR. FITT. JIC 37° SWIVEL STR. 1-5/16 X DN20,jic,1-5/16,0,wartel
10215-16-16,CR. FITT. JIC 37° SWIVEL STR. 1-5/16 X DN25,jic,1-5/16,0,wartel
10215-16-20,CR. FITT. JIC 37° SWIVEL STR. 1-5/16 X DN32,jic,1-5/16,0,wartel
10215-20-16,CR. FITT. JIC 37° SWIVEL STR. 1-5/8 X DN25,jic,1-5/8,0,wartel
10215-20-20,CR. FITT. JIC 37° SWIVEL STR. 1-5/8 X DN32,jic,1-5/8,0,wartel
10215-20-24,CR. FITT. JIC 37° SWIVEL STR. 1-5/8 X DN40,jic,1-5/8,0,wartel
10215-24-20,CR. FITT. JIC 37° SWIVEL STR. 1-7/8 X DN32,jic,1-7/8,0,wartel
10215-24-24,CR. FITT. JIC 37° SWIVEL STR. 1-7/8 X DN40,jic,1-7/8,0,wartel
10215-32-32,CR. FITT. JIC 37° SWIVEL STR. 2-1/2 X DN50,jic,2-1/2,0,wartel
10216-12-04,CR. FITT. METR. SWIVEL STR.,metrisch,M12,0,wartel
10216-14-04,CR. FITT. METR. SWIVEL STR.,metrisch,M14,0,wartel
10216-14-06,CR. FITT. METR. SWIVEL STR.,metrisch,M14,0,wartel
10216-16-04,CR. FITT. METR. SWIVEL STR.,metrisch,M16,0,wartel
10216-16-05,CR. FITT. METR. SWIVEL STR.,metrisch,M16,0,wartel
10216-16-06,CR. FITT. METR. SWIVEL STR.,metrisch,M16,0,wartel
10216-18-06,CR. FITT. METR. SWIVEL STR.,metrisch,M18,0,wartel
10216-22-06,CR. FITT. METR. SWIVEL STR.,metrisch,M22,0,wartel
10216-22-08,CR. FITT. METR. SWIVEL STR.,metrisch,M22,0,wartel
10216-26-10,CR. FITT. METR. SWIVEL STR.,metrisch,M26,0,wartel
10216-30-10,CR. FITT. METR. SWIVEL STR.,metrisch,M30,0,wartel
10216-30-12,CR. FITT. METR. SWIVEL STR.,metrisch,M30,0,wartel
10216-30-16,CR. FITT. METR. SWIVEL STR.,metrisch,M30,0,wartel
10216-33-10,CR. FITT. METR. SWIVEL STR.,metrisch,M33,0,wartel
10216-33-12,CR. FITT. METR. SWIVEL STR.,metrisch,M33,0,wartel
10216-38-16,CR. FITT. METR. SWIVEL STR.,metrisch,M38,0,wartel
10216-45-20,CR. FITT. METR. SWIVEL STR.,metrisch,M45,0,wartel
10216-52-24,CR. FITT. METR. SWIVEL STR.,metrisch,M52,0,wartel
10216-65-32,CR. FITT. METR. SWIVEL STR.,metrisch,M65,0,wartel
10216-78-32,CR. FITT. METR. SWIVEL STR.,metrisch,M78,0,wartel
10216-78-40,CR. FITT. METR. SWIVEL STR.,metrisch,M78,0,wartel
10217-08-06,CR. FITT. SAE FLANGE 3000PSI STR.,3000,1/2,0,flange
10217-08-08,CR. FITT. SAE FLANGE 3000PSI STR.,3000,1/2,0,flange
10217-08-10,CR. FITT. SAE FLANGE 3000PSI STR.,3000,1/2,0,flange
10217-08-12,CR. FITT. SAE FLANGE 3000PSI STR.,3000,1/2,0,flange
10217-12-08,CR. FITT. SAE FLANGE 3000PSI STR.,3000,3/4,0,flange
10217-12-10,CR. FITT. SAE FLANGE 3000PSI STR.,3000,3/4,0,flange
10217-12-12,CR. FITT. SAE FLANGE 3000PSI STR.,3000,3/4,0,flange
10217-12-16,CR. FITT. SAE FLANGE 3000PSI STR.,3000,3/4,0,flange
10217-16-08,CR. FITT. SAE FLANGE 3000PSI STR.,3000,1,0,flange
10217-16-12,CR. FITT. SAE FLANGE 3000PSI STR.,3000,1,0,flange
10217-16-16,CR. FITT. SAE FLANGE 3000PSI STR.,3000,1,0,flange
10217-16-20,CR. FITT. SAE FLANGE 3000PSI STR.,3000,1,0,flange
10217-20-16,CR. FITT. SAE FLANGE 3000PSI STR.,3000,1-1/4,0,flange
10217-20-20,CR. FITT. SAE FLANGE 3000PSI STR.,3000,1-1/4,0,flange
10217-20-24,CR. FITT. SAE FLANGE 3000PSI STR.,3000,1-1/4,0,flange
10217-24-16,CR. FITT. SAE FLANGE 3000PSI STR.,3000,1-1/2,0,flange
10217-24-20,CR. FITT. SAE FLANGE 3000PSI STR.,3000,1-1/2,0,flange
10217-24-24,CR. FITT. SAE FLANGE 3000PSI STR.,3000,1-1/2,0,flange
10217-32-20,CR. FITT. SAE FLANGE 3000PSI STR.,3000,2,0,flange
10217-32-24,CR. FITT. SAE FLANGE 3000PSI STR.,3000,2,0,flange
10217-32-32,CR. FITT. SAE FLANGE 3000PSI STR.,3000,2,0,flange
10217-32-40,CR. FITT. SAE FLANGE 3000PSI STR.,3000,2,0,flange
10217-40-32,CR. FITT. SAE FLANGE 3000PSI STR.,3000,2-1/2,0,flange
10217-40-40,CR. FITT. SAE FLANGE 3000PSI STR.,3000,2-1/2,0,flange
10217-40-48,CR. FITT. SAE FLANGE 3000PSI STR.,3000,2-1/2,0,flange
10217-48-48,CR. FITT. SAE FLANGE 3000PSI STR.,3000,3,0,flange
10217-56-56,CR. FITT. SAE FLANGE 3000PSI STR.,3000,3-1/2,0,flange
10217-64-48,CR. FITT. SAE FLANGE 3000PSI STR.,3000,4,0,flange
10217-64-64,CR. FITT. SAE FLANGE 3000PSI STR.,3000,4,0,flange
10218-08-08,CR. FITT. SAE FLANGE 6000PSI STR.,6000,1/2,0,flange
10218-08-10,CR. FITT. SAE FLANGE 6000PSI STR.,6000,1/2,0,flange
10218-08-12,CR. FITT. SAE FLANGE 6000PSI STR.,6000,1/2,0,flange
10218-12-08,CR. FITT. SAE FLANGE 6000PSI STR.,6000,3/4,0,flange
10218-12-10,CR. FITT. SAE FLANGE 6000PSI STR.,6000,3/4,0,flange
10218-12-12,CR. FITT. SAE FLANGE 6000PSI STR.,6000,3/4,0,flange
10218-12-16,CR. FITT. SAE FLANGE 6000PSI STR.,6000,3/4,0,flange
10218-16-12,CR. FITT. SAE FLANGE 6000PSI STR.,6000,1,0,flange
10218-16-16,CR. FITT. SAE FLANGE 6000PSI STR.,6000,1,0,flange
10218-20-16,CR. FITT. SAE FLANGE 6000PSI STR.,6000,1-1/4,0,flange
10218-20-20,CR. FITT. SAE FLANGE 6000PSI STR. 1-1/4 X DN20,6000,1-1/4,0,flange
10218-24-20,CR. FITT. SAE FLANGE 6000PSI STR.,6000,1-1/2,0,flange
10218-24-24,CR. FITT. SAE FLANGE 6000PSI STR.,6000,1-1/2,0,flange
10218-24-32,CR. FITT. SAE FLANGE 6000PSI STR.,6000,1-1/2,0,flange
10218-32-24,CR. FITT. SAE FLANGE 6000PSI STR.,6000,2,0,flange
10218-32-32,CR. FITT. SAE FLANGE 6000PSI STR.,6000,2,0,flange
10219-04-04,CR. FITT. BSP SWIVEL STR. JAPANESE,BSPJ,1/4,0,wartel
10219-06-06,CR. FITT. BSP SWIVEL STR. JAPANESE,BSPJ,3/8,0,wartel
10219-08-08,CR. FITT. BSP SWIVEL STR. JAPANESE,BSPJ,1/2,0,wartel
10219-12-08,CR. FITT. BSP SWIVEL STR. JAPANESE 0930-08-12,BSPJ,3/4,0,wartel
10219-12-10,CR. FITT. BSP SWIVEL STR. JAPANESE,BSPJ,3/4,0,wartel
10219-12-12,CR. FITT. BSP SWIVEL STR. JAPANESE,BSPJ,3/4,0,wartel
10219-14-04,CR. FITT. METR. SWIVEL STR. JAPANESE,BSPJ,M14,0,wartel
10219-14-06,CR. FITT. METR. SWIVEL STR. JAPANESE,BSPJ,M14,0,wartel
10219-16-05,CR. FITT. METR. SWIVEL STR. JAPANESE,BSPJ,M16,0,wartel
10219-16-06,CR. FITT. METR. SWIVEL STR. JAPANESE,BSPJ,M16,0,wartel
10219-16-16,CR. FITT. METR. SWIVEL STR. JAPANESE,BSPJ,M16,0,wartel
10219-18-06,CR. FITT. METR. SWIVEL STR. JAPANESE,BSPJ,M18,0,wartel
10219-20-06,CR. FITT. METR. SWIVEL STR. JAPANESE,BSPJ,M20,0,wartel
10219-20-20,CR. FITT. BSP SWIVEL STR. JAPANESE,BSPJ,11/4,0,wartel
10219-22-08,CR. FITT. METR. SWIVEL STR. JAPANESE,BSPJ,M22,0,wartel
10219-24-08,CR. FITT. METR. SWIVEL STR. JAPANESE,BSPJ,M24,0,wartel
10219-24-10,CR. FITT. METR. SWIVEL STR. JAPANESE,BSPJ,M24,0,wartel
10219-30-12,CR. FITT. METR. SWIVEL STR. JAPANESE,BSPJ,M30,0,wartel
10219-30-16,CR. FITT. METR. SWIVEL STR. JAPANESE,BSPJ,M30,0,wartel
10219-33-16,CR. FITT. METR. SWIVEL STR. JAPANESE,BSPJ,M33,0,wartel
10219-42-24,CR. FITT. METR. SWIVEL STR. JAPANESE,BSPJ,M42,0,wartel
10220-04-03,CR. FITT. JIC 37° MALE STR. 7/16 X DN05,jic,7/16,0,buiten
10220-04-04,CR. FITT. JIC 37° MALE STR. 7/16 X DN06,jic,7/16,0,buiten
10220-05-04,CR. FITT. JIC 37° MALE STR. 1/2 X DN06,jic,1/2,0,buiten
10220-05-05,CR. FITT. JIC 37° MALE STR. 1/2 X DN08,jic,1/2,0,buiten
10220-06-04,CR. FITT. JIC 37° MALE STR. 9/16 X DN06,jic,9/16,0,buiten
10220-06-05,CR. FITT. JIC 37° MALE STR. 9/16 X DN08,jic,9/16,0,buiten
10220-06-06,CR. FITT. JIC 37° MALE STR. 9/16 X DN10,jic,9/16,0,buiten
10220-07-06,CR. FITT. SAE 45° MALE STR. 5/8 X DN10,jic,5/8,0,buiten
10220-08-05,CR. FITT. JIC 37° MALE STR. 3/4 X DN08,jic,3/4,0,buiten
10220-08-06,CR. FITT. JIC 37° MALE STR. 3/4 X DN10,jic,3/4,0,buiten
10220-08-08,CR. FITT. JIC 37° MALE STR. 3/4 X DN12,jic,3/4,0,buiten
10220-08-10,CR. FITT. JIC 37° MALE STR. 3/4 X DN16,jic,3/4,0,buiten
10220-10-06,CR. FITT. JIC 37° MALE STR. 7/8 X DN10,jic,7/8,0,buiten
10220-10-08,CR. FITT. JIC 37° MALE STR. 7/8 X DN12,jic,7/8,0,buiten
10220-10-10,CR. FITT. JIC 37° MALE STR. 7/8 X DN16,jic,7/8,0,buiten
10220-10-12,CR. FITT. JIC 37° MALE STR. 7/8 X DN19,jic,7/8,0,buiten
10220-12-08,CR. FITT. JIC 37° MALE STR. 1-1/16 X DN12,jic,1-1/16,0,buiten
10220-12-10,CR. FITT. JIC 37° MALE STR. 1-1/16 X DN16,jic,1-1/16,0,buiten
10220-12-12,CR. FITT. JIC 37° MALE STR. 1-1/16 X DN20,jic,1-1/16,0,buiten
10220-12-16,CR. FITT. JIC 37° MALE STR. 1-1/16 X DN25,jic,1-1/16,0,buiten
10220-14-12,CR. FITT. JIC 37° MALE STR. 1-3/16 X DN20,jic,1-3/16,0,buiten
10220-16-12,CR. FITT. JIC 37° MALE STR. 1-5/16 X DN20,jic,1-5/16,0,buiten
10220-16-16,CR. FITT. JIC 37° MALE STR. 1-5/16 X DN25,jic,1-5/16,0,buiten
10220-20-20,CR. FITT. JIC 37° MALE STR. 1-5/8 X DN32,jic,1-5/8,0,buiten
10220-24-24,CR. FITT. JIC 37° MALE STR. 1-7/8 X DN40,jic,1-7/8,0,buiten
10225-04-04,CR. FITT. ORFS FEMALE STR. 9/16 X DN06,orfs,9/16,0,wartel
10225-06-04,CR. FITT. ORFS FEMALE STR. 11/16 X DN06,orfs,11/16,0,wartel
10225-06-05,CR. FITT. ORFS FEMALE STR. 11/16 X DN08,orfs,11/16,0,wartel
10225-06-06,CR. FITT. ORFS FEMALE STR. 11/16 X DN10,orfs,11/16,0,wartel
10225-06-08,CR. FITT. ORFS FEMALE STR. 11/16 X DN12,orfs,11/16,0,wartel
10225-08-06,CR. FITT. ORFS FEMALE STR. 13/16 X DN10,orfs,13/16,0,wartel
10225-08-08,CR. FITT. ORFS FEMALE STR. 13/16 X DN12,orfs,13/16,0,wartel
10225-08-10,CR. FITT. ORFS FEMALE STR. 13/16 X DN16,orfs,13/16,0,wartel
10225-10-08,CR. FITT. ORFS FEMALE STR. 1 X DN12,orfs,1,0,wartel
10225-10-10,CR. FITT. ORFS FEMALE STR. 1 X DN16,orfs,1,0,wartel
10225-10-12,CR. FITT. ORFS FEMALE STR. 1 X DN20,orfs,1,0,wartel
10225-12-08,CR. FITT. ORFS FEMALE STR. 1-3/16 X DN12,orfs,1-3/16,0,wartel
10225-12-10,CR. FITT. ORFS FEMALE STR. 1-3/16 X DN16,orfs,1-3/16,0,wartel
10225-12-12,CR. FITT. ORFS FEMALE STR. 1-3/16 X DN20,orfs,1-3/16,0,wartel
10225-12-16,SAE J516 / ISO 12151-1 Type Pullback (krimpwartel),orfs,1-3/16,0,wartel
10225-16-12,CR. FITT. ORFS FEMALE STR. 1-7/16 X DN20,orfs,1-7/16,0,wartel
10225-16-16,CR. FITT. ORFS FEMALE STR. 1-7/16 X DN25,orfs,1-7/16,0,wartel
10225-20-16,CR. FITT. ORFS FEMALE STR. 1-11/16 X DN25,orfs,1-11/16,0,wartel
10225-20-20,CR. FITT. ORFS FEMALE STR. 1-11/16 X DN32,orfs,1-11/16,0,wartel
10225-24-24,CR. FITT. ORFS FEMALE STR. 2 X DN40,orfs,2,0,wartel
10229-14-04,CR. FITT. JIS MALE METRIC STR.,jis,M14,0,buiten
10229-16-06,CR. FITT. JIS MALE METRIC STR.,jis,M16,0,buiten
10229-20-06,CR. FITT. JIS MALE METRIC STR.,jis,M20,0,buiten
10229-22-08,CR. FITT. JIS MALE METRIC STR.,jis,M22,0,buiten
10229-24-10,CR. FITT. JIS MALE METRIC STR.,jis,M24,0,buiten
10230-04-04,CR. FITT. ORFS MALE STR. 9/16 X DN06,orfs,9/16,0,buiten
10230-06-04,CR. FITT. ORFS MALE STR. 11/16 X DN06,orfs,11/16,0,buiten
10230-06-05,CR. FITT. ORFS MALE STR. 11/16 X DN08,orfs,11/16,0,buiten
10230-06-06,CR. FITT. ORFS MALE STR. 11/16 X DN10,orfs,11/16,0,buiten
10230-08-06,CR. FITT. ORFS MALE STR. 13/16 X DN10,orfs,13/16,0,buiten
10230-08-08,CR. FITT. ORFS MALE STR. 13/16 X DN12,orfs,13/16,0,buiten
10230-10-08,CR. FITT. ORFS MALE STR. 1 X DN12,orfs,1,0,buiten
10230-10-10,CR. FITT. ORFS MALE STR. 1 X DN16,orfs,1,0,buiten
10230-12-08,CR. FITT. ORFS MALE STR. 1-3/16 X DN12,orfs,1-3/16,0,buiten
10230-12-10,CR. FITT. ORFS MALE STR. 1-3/16 X DN16,orfs,1-3/16,0,buiten
10230-12-12,CR. FITT. ORFS MALE STR. 1-3/16 X DN20,orfs,1-3/16,0,buiten
10230-16-12,CR. FITT. ORFS MALE STR. 1-7/16 X DN20,orfs,1-7/16,0,buiten
10230-16-16,CR. FITT. ORFS MALE STR. 1-7/16 X DN25,orfs,1-7/16,0,buiten
10230-20-16,CR. FITT. ORFS MALE STR. 1-11/16 X DN25,orfs,1-11/16,0,buiten
10230-20-20,CR. FITT. ORFS MALE STR. 1-11/16 X DN32,orfs,1-11/16,0,buiten
10231-04-04,CR. FITT. SAE SWIVEL STR.,sae,1/4,0,wartel
10231-06-06,CR. FITT. SAE SWIVEL STR.,sae,3/8,0,wartel
10231-08-08,CR. FITT. SAE SWIVEL STR.,sae,1/2,0,wartel
10240-02-03,CR. FITT. BSP MALE STR. 1/8 X DN05,bsp,1/8,0,buiten
10240-02-04,CR. FITT. BSP MALE STR. 1/8 X DN06,bsp,1/8,0,buiten
10240-02-06,CR. FITT. BSP MALE STR. 1/8 X DN10,bsp,1/8,0,buiten
10240-04-03,CR. FITT. BSP MALE STR. 1/4 X DN05,bsp,1/4,0,buiten
10240-04-04,CR. FITT. BSP MALE STR. 1/4 X DN06,bsp,1/4,0,buiten
10240-04-05,CR. FITT. BSP MALE STR. 1/4 X DN08,bsp,1/4,0,buiten
10240-04-06,CR. FITT. BSP MALE STR. 1/4 X DN10,bsp,1/4,0,buiten
10240-06-04,CR. FITT. BSP MALE STR. 3/8 X DN06,bsp,3/8,0,buiten
10240-06-05,CR. FITT. BSP MALE STR. 3/8 X DN08,bsp,3/8,0,buiten
10240-06-06,CR. FITT. BSP MALE STR. 3/8 X DN10,bsp,3/8,0,buiten
10240-06-08,CR. FITT. BSP MALE STR. 3/8 X DN12,bsp,3/8,0,buiten
10240-08-04,CR. FITT. BSP MALE STR. 1/2 X DN06,bsp,1/2,0,buiten
10240-08-05,CR. FITT. BSP MALE STR. 1/2 X DN08,bsp,1/2,0,buiten
10240-08-06,CR. FITT. BSP MALE STR. 1/2 X DN10,bsp,1/2,0,buiten
10240-08-08,CR. FITT. BSP MALE STR. 1/2 X DN12,bsp,1/2,0,buiten
10240-08-10,CR. FITT. BSP MALE STR. 1/2 X DN16,bsp,1/2,0,buiten
10240-10-08,CR. FITT. BSP MALE STR. 5/8 X DN12,bsp,5/8,0,buiten
10240-10-10,CR. FITT. BSP MALE STR. 5/8 X DN16,bsp,5/8,0,buiten
10240-12-08,CR. FITT. BSP MALE STR. 3/4 X DN12,bsp,3/4,0,buiten
10240-12-10,CR. FITT. BSP MALE STR. 3/4 X DN16,bsp,3/4,0,buiten
10240-12-12,CR. FITT. BSP MALE STR. 3/4 X DN20,bsp,3/4,0,buiten
10240-12-16,CR. FITT. BSP MALE STR. 3/4 X DN25,bsp,3/4,0,buiten
10240-16-12,CR. FITT. BSP MALE STR. 1 X DN20,bsp,1,0,buiten
10240-16-16,CR. FITT. BSP MALE STR. 1 X DN25,bsp,1,0,buiten
10240-16-20,CR. FITT. BSP MALE STR. 1 X DN32,bsp,1,0,buiten
10240-20-16,CR. FITT. BSP MALE STR. 11/4 X DN25,bsp,11/4,0,buiten
10240-20-20,CR. FITT. BSP MALE STR. 11/4 X DN32,bsp,11/4,0,buiten
10240-24-20,CR. FITT. BSP MALE STR. 11/2 X DN32,bsp,11/2,0,buiten
10240-24-24,CR. FITT. BSP MALE STR. 11/2 X DN40,bsp,11/2,0,buiten
10240-24-32,CR. FITT. BSP MALE STR. 11/2 X DN50,bsp,11/2,0,buiten
10240-32-24,CR. FITT. BSP MALE STR. 2 X DN40,bsp,2,0,buiten
10240-32-32,CR. FITT. BSP MALE STR. 2 X DN50,bsp,2,0,buiten
10240-40-40,CR. FITT. BSP MALE STR. 21/2 X DN63,bsp,21/2,0,buiten
10240-48-48,CR. FITT. BSP MALE STR. 3 X DN75 0350-48-48,bsp,3,0,buiten
10241-02-03,CR. FITT. BSPT MALE STR. 1/8 X DN05,bspt,1/8,0,buiten
10241-04-04,CR. FITT. BSPT MALE STR. 1/4 X DN06,bspt,1/4,0,buiten
10241-04-05,CR. FITT. BSPT MALE STR. 1/4 X DN08,bspt,1/4,0,buiten
10241-04-06,CR. FITT. BSPT MALE STR. 1/4 X DN10,bspt,1/4,0,buiten
10241-06-04,CR. FITT. BSPT MALE STR. 3/8 X DN06,bspt,3/8,0,buiten
10241-06-05,CR. FITT. BSPT MALE STR. 3/8 X DN08,bspt,3/8,0,buiten
10241-06-06,CR. FITT. BSPT MALE STR. 3/8 X DN10,bspt,3/8,0,buiten
10241-06-08,CR. FITT. BSPT MALE STR. 3/8 X DN12,bspt,3/8,0,buiten
10241-08-06,CR. FITT. BSPT MALE STR. 1/2 X DN10 0360-06-08,bspt,1/2,0,buiten
10241-08-08,CR. FITT. BSPT MALE STR. 1/2 X DN12,bspt,1/2,0,buiten
10241-10-10,CR. FITT. BSPT MALE STR. 5/8 X DN16 0360-10-10,bspt,5/8,0,buiten
10241-12-10,CR. FITT. BSPT MALE STR. 3/4 X DN16,bspt,3/4,0,buiten
10241-12-12,CR. FITT. BSPT MALE STR. 3/4 X DN20,bspt,3/4,0,buiten
10241-16-16,CR. FITT. BSPT MALE STR. 1 X DN25,bspt,1,0,buiten
10241-20-20,CR. FITT. BSPT MALE STR. 11/4 X DN32,bspt,11/4,0,buiten
10241-24-24,CR. FITT. BSPT MALE STR. 11/2 X DN40,bspt,11/2,0,buiten
10241-32-32,CR. FITT. BSPT MALE STR. 2 X DN50,bspt,2,0,buiten
10250-02-03,CR. FITT. NPT MALE STR. 1/8 X DN05,npt,1/8,0,buiten
10250-02-04,CR. FITT. NPT MALE STR. 1/8 X DN06,npt,1/8,0,buiten
10250-04-03,CR. FITT. NPT MALE STR. 1/4 X DN05,npt,1/4,0,buiten
10250-04-04,CR. FITT. NPT MALE STR. 1/4 X DN06,npt,1/4,0,buiten
10250-04-05,CR. FITT. NPT MALE STR. 1/4 X DN08,npt,1/4,0,buiten
10250-04-06,CR. FITT. NPT MALE STR. 1/4 X DN10,npt,1/4,0,buiten
10250-06-04,CR. FITT. NPT MALE STR. 3/8 X DN06,npt,3/8,0,buiten
10250-06-05,CR. FITT. NPT MALE STR. 3/8 X DN08,npt,3/8,0,buiten
10250-06-06,CR. FITT. NPT MALE STR. 3/8 X DN10,npt,3/8,0,buiten
10250-06-08,CR. FITT. NPT MALE STR. 3/8 X DN12,npt,3/8,0,buiten
10250-08-06,CR. FITT. NPT MALE STR. 1/2 X DN10,npt,1/2,0,buiten
10250-08-08,CR. FITT. NPT MALE STR. 1/2 X DN12,npt,1/2,0,buiten
10250-08-10,CR. FITT. NPT MALE STR. 1/2 X DN16,npt,1/2,0,buiten
10250-08-12,CR. FITT. NPT MALE STR. 1/2 X DN20,npt,1/2,0,buiten
10250-12-08,CR. FITT. NPT MALE STR. 3/4 X DN12,npt,3/4,0,buiten
10250-12-10,CR. FITT. NPT MALE STR. 3/4 X DN16,npt,3/4,0,buiten
10250-12-12,CR. FITT. NPT MALE STR. 3/4 X DN20,npt,3/4,0,buiten
10250-12-16,CR. FITT. NPT MALE STR. 3/4 X DN25,npt,3/4,0,buiten
10250-16-12,CR. FITT. NPT MALE STR. 1 X DN20 0370-12-16,npt,1,0,buiten
10250-16-16,CR. FITT. NPT MALE STR. 1 X DN25,npt,1,0,buiten
10250-20-20,CR. FITT. NPT MALE STR. 1-1/4 X DN32,npt,1-1/4,0,buiten
10250-24-20,CR. FITT. NPT MALE STR. 1-1/2 X DN32,npt,1-1/2,0,buiten
10250-24-24,CR. FITT. NPT MALE STR. 1-1/2 X DN40,npt,1-1/2,0,buiten
10250-32-32,CR. FITT. NPT MALE STR. 2 X DN50,npt,2,0,buiten
10250-40-40,CR. FITT. NPT MALE STR. 2-1/2 X DN63 0370-40-40,npt,2-1/2,0,buiten
10250-48-48,CR. FITT. MALE 3″ NPT STR.,npt,3,0,buiten
10250-64-64,CR. FITT. MALE 4″ NPT STR.,npt,4,0,buiten
10251-02-04,CR. FITT. NPT MALE STR. ADJUST.,npt,1/8,0,buiten
10251-04-04,CR. FITT. NPT MALE STR. ADJUST.,npt,1/4,0,buiten
10251-06-06,CR. FITT. NPT MALE STR. ADJUST.,npt,3/8,0,buiten
10257-04-03,CR. FITT. NPSM SWIVEL STR.,npsm,1/4,0,wartel
10257-04-04,CR. FITT. NPSM SWIVEL STR.,npsm,1/4,0,wartel
10257-06-06,CR. FITT. NPSM SWIVEL STR.,npsm,3/8,0,wartel
10257-08-08,CR. FITT. NPSM SWIVEL STR.,npsm,1/2,0,wartel
10257-12-12,CR. FITT. NPSM SWIVEL STR.,npsm,3/4,0,wartel
10257-16-16,CR. FITT. NPSM SWIVEL STR.,npsm,1,0,wartel
10280-12-03,CR. FITT. METR. MALE STR. (06L) M12 X DN05,metrisch,06L,0,buiten
10280-12-04,CR. FITT. METR. MALE STR. (06L) M12 X DN06,metrisch,06L,0,buiten
10280-14-03,CR. FITT. METR. MALE STR. (08L) M14 X DN05,metrisch,08L,0,buiten
10280-14-04,CR. FITT. METR. MALE STR. (08L) M14 X DN06,metrisch,08L,0,buiten
10280-14-05,CR. FITT. METR. MALE STR. (08L) M14 X DN08,metrisch,08L,0,buiten
10280-16-04,CR. FITT. METR. MALE STR. (10L) M16 X DN06,metrisch,10L,0,buiten
10280-16-05,CR. FITT. METR. MALE STR. (10L) M16 X DN08,metrisch,10L,0,buiten
10280-16-06,CR. FITT. METR. MALE STR. (10L) M16 X DN10,metrisch,10L,0,buiten
10280-18-04,CR. FITT. METR. MALE STR. (12L) M18 X DN06,metrisch,12L,0,buiten
10280-18-05,CR. FITT. METR. MALE STR. (12L) M18 X DN08,metrisch,12L,0,buiten
10280-18-06,CR. FITT. METR. MALE STR. (12L) M18 X DN10,metrisch,12L,0,buiten
10280-18-08,CR. FITT. METR. MALE STR. (12L) M18 X DN12,metrisch,12L,0,buiten
10280-22-06,CR. FITT. METR. MALE STR. (15L) M22 X DN10,metrisch,15L,0,buiten
10280-22-08,CR. FITT. METR. MALE STR. (15L) M22 X DN12,metrisch,15L,0,buiten
10280-26-08,CR. FITT. METR. MALE STR. (18L) M26 X DN12,metrisch,18L,0,buiten
10280-26-10,CR. FITT. METR. MALE STR. (18L) M26 X DN16,metrisch,18L,0,buiten
10280-26-12,CR. FITT. METR. MALE STR. (18L) M26 X DN20,metrisch,18L,0,buiten
10280-30-10,CR. FITT. METR. MALE STR. (22L) M30 X DN16,metrisch,22L,0,buiten
10280-30-12,CR. FITT. METR. MALE STR. (22L) M30 X DN20,metrisch,22L,0,buiten
10280-30-16,CR. FITT. METR. MALE STR. (22L) M30 X DN25,metrisch,22L,0,buiten
10280-36-12,CR. FITT. METR. MALE STR. (28L) M36 X DN20,metrisch,28L,0,buiten
10280-36-16,CR. FITT. METR. MALE STR. (28L) M36 X DN25,metrisch,28L,0,buiten
10280-45-16,CR. FITT. METR. MALE STR. (35L) M45 X DN25,metrisch,35L,0,buiten
10280-45-20,CR. FITT. METR. MALE STR. (35L) M45 X DN32,metrisch,35L,0,buiten
10280-52-24,CR. FITT. METR. MALE STR. (42L) M52 X DN40,metrisch,42L,0,buiten
10280-52-32,CR. FITT. METR. MALE STR. (42L) M52 X DN50,metrisch,42L,0,buiten
10281-14-03,CR. FITT. METR. MALE STR. (06S) M14 X DN05,metrisch,06S,0,buiten
10281-14-04,CR. FITT. METR. MALE STR. (06S) M14 X DN06,metrisch,06S,0,buiten
10281-16-04,CR. FITT. METR. MALE STR. (08S) M16 X DN06,metrisch,08S,0,buiten
10281-16-05,CR. FITT. METR. MALE STR. CES 08 DN08,metrisch,08S,0,buiten
10281-18-04,CR. FITT. METR. MALE STR. (10S) M18 X DN06,metrisch,10S,0,buiten
10281-18-05,CR. FITT. METR. MALE STR. (10S) M18 X DN08,metrisch,10S,0,buiten
10281-18-06,CR. FITT. METR. MALE STR. (10S) M18 X DN10,metrisch,10S,0,buiten
10281-20-04,CR. FITT. METR. MALE STR. (12S) M20 X DN06,metrisch,12S,0,buiten
10281-20-05,CR. FITT. METR. MALE STR. (12S) M20 X DN08,metrisch,12S,0,buiten
10281-20-06,CR. FITT. METR. MALE STR. (12S) M20 X DN10,metrisch,12S,0,buiten
10281-20-08,CR. FITT. METR. MALE STR. (12S) M20 X DN12,metrisch,12S,0,buiten
10281-22-06,CR. FITT. METR. MALE STR. (14S) M22 X DN10,metrisch,14S,0,buiten
10281-22-08,CR. FITT. METR. MALE STR. (14S) M22 X DN12,metrisch,14S,0,buiten
10281-24-06,CR. FITT. METR. MALE STR. (16S) M24 X DN10,metrisch,16S,0,buiten
10281-24-08,CR. FITT. METR. MALE STR. (16S) M24 X DN12,metrisch,16S,0,buiten
10281-24-10,CR. FITT. METR. MALE STR. (16S) M24 X DN16,metrisch,16S,0,buiten
10281-30-08,CR. FITT. METR. MALE STR. (20S) M30 X DN12,metrisch,20S,0,buiten
10281-30-10,CR. FITT. METR. MALE STR. (20S) M30 X DN16,metrisch,20S,0,buiten
10281-30-12,CR. FITT. METR. MALE STR. (20S) M30 X DN20,metrisch,20S,0,buiten
10281-36-12,CR. FITT. METR. MALE STR. (25S) M36 X DN20,metrisch,25S,0,buiten
10281-36-16,CR. FITT. METR. MALE STR. (25S) M36 X DN25,metrisch,25S,0,buiten
10281-42-12,CR. FITT. METR. MALE STR. (30S) M42 X DN20,metrisch,30S,0,buiten
10281-42-16,CR. FITT. METR. MALE STR. (30S) M42 X DN25,metrisch,30S,0,buiten
10281-42-20,CR. FITT. METR. MALE STR. (30S) M42 X DN32,metrisch,30S,0,buiten
10281-52-20,CR. FITT. METR. MALE STR. (38S) M52 X DN32,metrisch,38S,0,buiten
10281-52-24,CR. FITT. METR. MALE STR. (38S) M52 X DN40,metrisch,38S,0,buiten
10285-20-06,CR. FITT. METR. MALE STR. FRANCE,metrisch,M20,0,buiten
10285-24-08,CR. FITT. METR. MALE STR. FRANCE,metrisch,M24,0,buiten
10285-30-08,CR. FITT. METR. MALE STR. FRANCE,metrisch,M30,0,buiten
10285-30-10,CR. FITT. METR. MALE STR. FRANCE,metrisch,M30,0,buiten
10285-30-12,CR. FITT. METR. MALE STR. FRANCE 0430-12-30,metrisch,M30,0,buiten
10285-36-12,CR. FITT. METR. MALE STR. FRANCE,metrisch,M36,0,buiten
10285-45-16,CR. FITT. METR. MALE STR. FRANCE,metrisch,M45,0,buiten
10288-16-05,CR. FITT. MALE METRIC STR.,metrisch,M16,0,buiten
10288-18-06,CR. FITT. MALE METRIC STR.,metrisch,M18,0,buiten
10288-22-08,CR. FITT. MALE METRIC STR.,metrisch,M22,0,buiten
10290-06-02,CR. FITT. METR. STANDPIPE STR. 06MM X DN04,metrisch,06,0,standpijp
10290-06-03,CR. FITT. METR. STANDPIPE STR. 06MM X DN05,metrisch,06,0,standpijp
10290-06-04,CR. FITT. METR. STANDPIPE STR. 06MM X DN06,metrisch,06,0,standpijp
10290-08-03,CR. FITT. METR. STANDPIPE STR. 08MM X DN05,metrisch,08,0,standpijp
10290-08-04,CR. FITT. METR. STANDPIPE STR. 08MM X DN06,metrisch,08,0,standpijp
10290-08-05,CR. FITT. METR. STANDPIPE STR. 08MM X DN08,metrisch,08,0,standpijp
10290-1/2-08,CR. FITT. METR. STANDPIPE STR.,metrisch,1/2,0,standpijp
10290-10-04,CR. FITT. METR. STANDPIPE STR. 10MM X DN06,metrisch,10,0,standpijp
10290-10-05,CR. FITT. METR. STANDPIPE STR. 10MM X DN08,metrisch,10,0,standpijp
10290-10-06,CR. FITT. METR. STANDPIPE STR. 10MM X DN10,metrisch,10,0,standpijp
10290-12-04,CR. FITT. METR. STANDPIPE STR. 12MM X DN06,metrisch,12,0,standpijp
10290-12-05,CR. FITT. METR. STANDPIPE STR. 12MM X DN08,metrisch,12,0,standpijp
10290-12-06,CR. FITT. METR. STANDPIPE STR. 12MM X DN10,metrisch,12,0,standpijp
10290-12-08,CR. FITT. METR. STANDPIPE STR.,metrisch,12,0,standpijp
10290-14-06,CR. FITT. METR. STANDPIPE STR.,metrisch,14,0,standpijp
10290-15-06,CR. FITT. METR. STANDPIPE STR.,metrisch,15,0,standpijp
10290-15-08,CR. FITT. METR. STANDPIPE STR.,metrisch,15,0,standpijp
10290-15-12,CR. FITT. METR. STANDPIPE STR.,metrisch,15,0,standpijp
10290-16-08,CR. FITT. METR. STANDPIPE STR.,metrisch,16,0,standpijp
10290-18-08,CR. FITT. METR. STANDPIPE STR.,metrisch,18,0,standpijp
10290-18-10,CR. FITT. METR. STANDPIPE STR.,metrisch,18,0,standpijp
10290-18-12,CR. FITT. METR. STANDPIPE STR.,metrisch,18,0,standpijp
10290-20-08,CR. FITT. METR. STANDPIPE STR.,metrisch,20,0,standpijp
10290-20-10,CR. FITT. METR. STANDPIPE STR.,metrisch,20,0,standpijp
10290-20-12,CR. FITT. METR. STANDPIPE STR.,metrisch,20,0,standpijp
10290-21-08,CR. FITT. METR. STANDPIPE STR.,metrisch,21,0,standpijp
10290-22-10,CR. FITT. METR. STANDPIPE STR.,metrisch,22,0,standpijp
10290-22-12,CR. FITT. METR. STANDPIPE STR.,metrisch,22,0,standpijp
10290-25-12,CR. FITT. METR. STANDPIPE STR.,metrisch,25,0,standpijp
10290-25-16,CR. FITT. METR. STANDPIPE STR.,metrisch,25,0,standpijp
10290-28-16,CR. FITT. METR. STANDPIPE STR.,metrisch,28,0,standpijp
10290-3/8-04,CR. FITT. INCH STANDPIPE,metrisch,3/8,0,standpijp
10290-3/8-06,CR. FITT. INCH STANDPIPE,metrisch,3/8,0,standpijp
10290-30-16,CR. FITT. METR. STANDPIPE STR.,metrisch,30,0,standpijp
10290-35-20,CR. FITT. METR. STANDPIPE STR.,metrisch,35,0,standpijp
10290-38-20,CR. FITT. METR. STANDPIPE STR.,metrisch,38,0,standpijp
10290-38-24,CR. FITT. METR. STANDPIPE STR.,metrisch,38,0,standpijp
10290-42-20,CR. FITT. METR. STANDPIPE STR.,metrisch,42,0,standpijp
10290-42-24,CR. FITT. METR. STANDPIPE STR.,metrisch,42,0,standpijp
10295-12-03,CR. FITT. METR. SWIVEL STR. (06L) M12 X DN05,metrisch,06L,0,wartel
10295-12-04,CR. FITT. METR. SWIVEL STR. (06L) M12 X DN06,metrisch,06L,0,wartel
10295-14-03,CR. FITT. METR. SWIVEL STR. (08L) M14 X DN05,metrisch,08L,0,wartel
10295-14-04,CR. FITT. METR. SWIVEL STR. (08L) M14 X DN06,metrisch,08L,0,wartel
10295-14-05,CR. FITT. METR. SWIVEL STR. (08L) M14 X DN08,metrisch,08L,0,wartel
10295-14-06,CR. FITT. METR. SWIVEL STR. (08L) M14 X DN10,metrisch,08L,0,wartel
10295-16-04,CR. FITT. METR. SWIVEL STR. (10L) M16 X DN06,metrisch,10L,0,wartel
10295-16-05,CR. FITT. METR. SWIVEL STR. (10L) M16 X DN08,metrisch,10L,0,wartel
10295-16-06,CR. FITT. METR. SWIVEL STR. (10L) M16 X DN10,metrisch,10L,0,wartel
10295-16-06D,CR. FITT. METR. SWIVEL STR. (10L) M16 X DN10,metrisch,10L,0,wartel
10295-18-04,CR. FITT. METR. SWIVEL STR. (12L) M18 X DN06,metrisch,12L,0,wartel
10295-18-05,CR. FITT. METR. SWIVEL STR. (12L) M18 X DN08,metrisch,12L,0,wartel
10295-18-06,CR. FITT. METR. SWIVEL STR. (12L) M18 X DN10,metrisch,12L,0,wartel
10295-18-08,CR. FITT. METR. SWIVEL STR. (12L) M18 X DN12,metrisch,12L,0,wartel
10295-22-04,CR. FITT. METR. SWIVEL STR. (15L) M22 X DN06,metrisch,15L,0,wartel
10295-22-06,CR. FITT. METR. SWIVEL STR. (15L) M22 X DN10,metrisch,15L,0,wartel
10295-22-08,CR. FITT. METR. SWIVEL STR. (15L) M22 X DN12,metrisch,15L,0,wartel
10295-22-10,CR. FITT. METR. SWIVEL STR. (15L) M22 X DN16,metrisch,15L,0,wartel
10295-22-12,CR. FITT. METR. SWIVEL STR. (15L) M22 X DN20,metrisch,15L,0,wartel
10295-26-08,CR. FITT. METR. SWIVEL STR. (18L) M26 X DN12,metrisch,18L,0,wartel
10295-26-10,CR. FITT. METR. SWIVEL STR. (18L) M26 X DN16,metrisch,18L,0,wartel
10295-26-12,CR. FITT. METR. SWIVEL STR. (18L) M26 X DN20,metrisch,18L,0,wartel
10295-30-10,CR. FITT. METR. SWIVEL STR. (22L) M30 X DN16,metrisch,22L,0,wartel
10295-30-12,CR. FITT. METR. SWIVEL STR. (22L) M30 X DN20,metrisch,22L,0,wartel
10295-30-16,CR. FITT. METR. SWIVEL STR. (22L) M30 X DN25,metrisch,22L,0,wartel
10295-36-12,CR. FITT. METR. SWIVEL STR. (28L) M36 X DN20,metrisch,28L,0,wartel
10295-36-16,CR. FITT. METR. SWIVEL STR. (28L) M36 X DN25,metrisch,28L,0,wartel
10295-36-20,CR. FITT. METR. SWIVEL STR. (28L) M36 X DN32,metrisch,28L,0,wartel
10295-45-16,CR. FITT. METR. SWIVEL STR. (35L) M45 X DN25,metrisch,35L,0,wartel
10295-45-20,CR. FITT. METR. SWIVEL STR. (35L) M45 X DN32,metrisch,35L,0,wartel
10295-45-24,CR. FITT. METR. SWIVEL STR. (35L) M45 X DN40,metrisch,35L,0,wartel
10295-52-20,CR. FITT. METR. SWIVEL STR. (42L) M52 X DN32,metrisch,42L,0,wartel
10295-52-24,CR. FITT. METR. SWIVEL STR. (42L) M52 X DN40,metrisch,42L,0,wartel
10295-52-32,CR. FITT. METR. SWIVEL STR. (42L) M52 X DN50,metrisch,42L,0,wartel
10296-14-04,CR. FITT. METR. SWIVEL STR. (06S) M14 X DN06,metrisch,06S,0,wartel
10296-16-03,CR. FITT. METR. SWIVEL STR. (08S) M16 X DN05,metrisch,08S,0,wartel
10296-16-04,CR. FITT. METR. SWIVEL STR. (08S) M16 X DN06,metrisch,08S,0,wartel
10296-16-05,CR. FITT. METR. SWIVEL STR. (08S) M16 X DN08,metrisch,08S,0,wartel
10296-16-06,CR. FITT. METR. SWIVEL STR. (08S) M16 X DN10,metrisch,08S,0,wartel
10296-18-04,CR. FITT. METR. SWIVEL STR. (10S) M18 X DN06,metrisch,10S,0,wartel
10296-18-05,CR. FITT. METR. SWIVEL STR. (10S) M18 X DN08,metrisch,10S,0,wartel
10296-18-06,CR. FITT. METR. SWIVEL STR. (10S) M18 X DN10,metrisch,10S,0,wartel
10296-20-04,CR. FITT. METR. SWIVEL STR. (12S) M20 X DN06,metrisch,12S,0,wartel
10296-20-05,CR. FITT. METR. SWIVEL STR. (12S) M20 X DN08,metrisch,12S,0,wartel
10296-20-06,CR. FITT. METR. SWIVEL STR. (12S) M20 X DN10,metrisch,12S,0,wartel
10296-20-08,CR. FITT. METR. SWIVEL STR. (12S) M20 X DN12,metrisch,12S,0,wartel
10296-22-06,CR. FITT. METR. SWIVEL STR. (14S) M22 X DN10,metrisch,14S,0,wartel
10296-22-08,CR. FITT. METR. SWIVEL STR. (14S) M22 X DN12,metrisch,14S,0,wartel
10296-24-06,CR. FITT. METR. SWIVEL STR. (16S) M24 X DN10,metrisch,16S,0,wartel
10296-24-08,CR. FITT. METR. SWIVEL STR. (16S) M24 X DN12,metrisch,16S,0,wartel
10296-24-10,CR. FITT. METR. SWIVEL STR. (16S) M24 X DN16,metrisch,16S,0,wartel
10296-24-10D,CR. FITT. METR. SWIVEL STR. (16S) M24 X DN16,metrisch,16S,0,wartel
10296-30-08,CR. FITT. METR. SWIVEL STR. (20S) M30 X DN12,metrisch,20S,0,wartel
10296-30-10,CR. FITT. METR. SWIVEL STR. (20S) M30 X DN16,metrisch,20S,0,wartel
10296-30-12,CR. FITT. METR. SWIVEL STR. (20S) M30 X DN20,metrisch,20S,0,wartel
10296-30-16,CR. FITT. METR. SWIVEL STR. (20S) M30 X DN25,metrisch,20S,0,wartel
10296-36-12,CR. FITT. METR. SWIVEL STR. (25S) M36 X DN20,metrisch,25S,0,wartel
10296-36-16,CR. FITT. METR. SWIVEL STR. (25S) M36 X DN25,metrisch,25S,0,wartel
10296-42-12,CR. FITT. METR. SWIVEL STR. (30S) M42 X DN20,metrisch,30S,0,wartel
10296-42-16,CR. FITT. METR. SWIVEL STR. (30S) M42 X DN25,metrisch,30S,0,wartel
10296-42-20,CR. FITT. METR. SWIVEL STR. (30S) M42 X DN32,metrisch,30S,0,wartel
10296-52-20,CR. FITT. METR. SWIVEL STR. (38S) M52 X DN32,metrisch,38S,0,wartel
10296-52-24,CR. FITT. METR. SWIVEL STR. (38S) M52 X DN40,metrisch,38S,0,wartel
10297-20-05,CR. FITT. METR. SWIVEL STR. FRANCE,metrisch,M20,0,wartel
10297-20-06,CR. FITT. METR. SWIVEL STR. FRANCE,metrisch,M20,0,wartel
10297-24-08,CR. FITT. METR. SWIVEL STR. FRANCE,metrisch,M24,0,wartel
10297-27-10,CR. FITT. METR. SWIVEL STR. FRANCE,metrisch,M27,0,wartel
10297-30-10,CR. FITT. METR. SWIVEL STR. FRANCE,metrisch,M30,0,wartel
10297-30-12,CR. FITT. METR. SWIVEL STR. FRANCE,metrisch,M30,0,wartel
10297-36-12,CR. FITT. METR. SWIVEL STR. FRANCE,metrisch,M36,0,wartel
10297-45-16,CR. FITT. METR. SWIVEL STR. FRANCE,metrisch,M45,0,wartel
10813-02-03,CR. FITT. BSP SWIVEL 45° 1/8 X DN05,bsp,1/8,45,wartel
10813-02-04,CR. FITT. BSP SWIVEL 45° 1/8 X DN06,bsp,1/8,45,wartel
10813-04-03,CR. FITT. BSP SWIVEL 45° 1/4 X DN05,bsp,1/4,45,wartel
10813-04-04,CR. FITT. BSP SWIVEL 45° 1/4 X DN06,bsp,1/4,45,wartel
10813-04-05,CR. FITT. BSP SWIVEL 45° 1/4 X DN08,bsp,1/4,45,wartel
10813-04-06,CR. FITT. BSP SWIVEL 45° 1/4 X DN10,bsp,1/4,45,wartel
10813-06-04,CR. FITT. BSP SWIVEL 45° 3/8 X DN06,bsp,3/8,45,wartel
10813-06-05,CR. FITT. BSP SWIVEL 45° 3/8 X DN08,bsp,3/8,45,wartel
10813-06-06,CR. FITT. BSP SWIVEL 45° 3/8 X DN10,bsp,3/8,45,wartel
10813-06-08,CR. FITT. BSP SWIVEL 45° 3/8 X DN12,bsp,3/8,45,wartel
10813-08-04,CR. FITT. BSP SWIVEL 45° 1/2 X DN06,bsp,1/2,45,wartel
10813-08-05,CR. FITT. BSP SWIVEL 45° 1/2 X DN08,bsp,1/2,45,wartel
10813-08-06,CR. FITT. BSP SWIVEL 45° 1/2 X DN10,bsp,1/2,45,wartel
10813-08-08,CR. FITT. BSP SWIVEL 45° 1/2 X DN12,bsp,1/2,45,wartel
10813-08-10,CR. FITT. BSP SWIVEL 45° 1/2 X DN16 0251-10-08,bsp,1/2,45,wartel
10813-10-08,CR. FITT. BSP SWIVEL 45° 5/8 X DN12,bsp,5/8,45,wartel
10813-10-10,CR. FITT. BSP SWIVEL 45° 5/8 X DN16,bsp,5/8,45,wartel
10813-12-08,CR. FITT. BSP SWIVEL 45° 3/4 X DN12,bsp,3/4,45,wartel
10813-12-10,CR. FITT. BSP SWIVEL 45° 3/4 X DN16,bsp,3/4,45,wartel
10813-12-12,CR. FITT. BSP SWIVEL 45° 3/4 X DN20,bsp,3/4,45,wartel
10813-16-12,CR. FITT. BSP SWIVEL 45° 1 X DN20,bsp,1,45,wartel
10813-16-16,CR. FITT. BSP SWIVEL 45° 1 X DN25,bsp,1,45,wartel
10813-20-16,CR. FITT. BSP SWIVEL 45° 11/4 X DN25,bsp,11/4,45,wartel
10813-20-20,CR. FITT. BSP SWIVEL 45° 11/4 X DN32,bsp,11/4,45,wartel
10813-24-20,CR. FITT. BSP SWIVEL 45° 11/2 X DN32,bsp,11/2,45,wartel
10813-24-24,CR. FITT. BSP SWIVEL 45° 11/2 X DN40,bsp,11/2,45,wartel
10813-32-32,CR. FITT. BSP SWIVEL 45° 2 X DN50,bsp,2,45,wartel
10813-40-40,CR. FITT. BSP SWIVEL 45° 21/2 X DN63,bsp,21/2,45,wartel
10813-48-48,CR. FITT. BSP SWIVEL 45° 3 X DN75,bsp,3,45,wartel
10814-06-06,CR. FITT. SAE SWIVEL STR.,sae,3/8,45,wartel
10815-04-03,CR. FITT. JIC 37° SWIVEL 45° 7/16 X DN05,jic,7/16,45,wartel
10815-04-04,CR. FITT. JIC 37° SWIVEL 45° 7/16 X DN06,jic,7/16,45,wartel
10815-05-04,CR. FITT. JIC 37° SWIVEL 45° 1/2 X DN06,jic,1/2,45,wartel
10815-05-05,CR. FITT. JIC 37° SWIVEL 45° 1/2 X DN08,jic,1/2,45,wartel
10815-06-04,CR. FITT. JIC 37° SWIVEL 45° 9/16 X DN06,jic,9/16,45,wartel
10815-06-05,CR. FITT. JIC 37° SWIVEL 45° 9/16 X DN08,jic,9/16,45,wartel
10815-06-06,CR. FITT. JIC 37° SWIVEL 45° 9/16 X DN10,jic,9/16,45,wartel
10815-08-05,CR. FITT. JIC 37° SWIVEL 45° 3/4 X DN08,jic,3/4,45,wartel
10815-08-06,CR. FITT. JIC 37° SWIVEL 45° 3/4 X DN10,jic,3/4,45,wartel
10815-08-08,CR. FITT. JIC 37° SWIVEL 45° 3/4 X DN12,jic,3/4,45,wartel
10815-10-06,CR. FITT. JIC 37° SWIVEL 45° 7/8 X DN10,jic,7/8,45,wartel
10815-10-08,CR. FITT. JIC 37° SWIVEL 45° 7/8 X DN12,jic,7/8,45,wartel
10815-10-10,CR. FITT. JIC 37° SWIVEL 45° 7/8 X DN16,jic,7/8,45,wartel
10815-10-12,CR. FITT. JIC 37° SWIVEL 45° 7/8 X DN20,jic,7/8,45,wartel
10815-12-08,CR. FITT. JIC 37° SWIVEL 45° 1-1/16 X DN12,jic,1-1/16,45,wartel
10815-12-10,CR. FITT. JIC 37° SWIVEL 45° 1-1/16 X DN16,jic,1-1/16,45,wartel
10815-12-12,CR. FITT. JIC 37° SWIVEL 45° 1-1/16 X DN20,jic,1-1/16,45,wartel
10815-14-12,CR. FITT. JIC 37° SWIVEL 45° 1-3/16 X DN20,jic,1-3/16,45,wartel
10815-16-12,CR. FITT. JIC 37° SWIVEL 45° 1-5/16 X DN20,jic,1-5/16,45,wartel
10815-16-16,CR. FITT. JIC 37° SWIVEL 45° 1-5/16 X DN25,jic,1-5/16,45,wartel
10815-20-20,CR. FITT. JIC 37° SWIVEL 45° 1-5/8 X DN32,jic,1-5/8,45,wartel
10815-24-24,CR. FITT. JIC 37° SWIVEL 45° 1-7/8 X DN40,jic,1-7/8,45,wartel
10815-32-32,CR. FITT. JIC 37° SWIVEL 45° 2-1/2 X DN50,jic,2-1/2,45,wartel
10817-08-08,CR. FITT. SAE FLANGE 3000PSI 45°,3000,1/2,45,flange
10817-12-08,CR. FITT. SAE FLANGE 3000PSI 45°,3000,3/4,45,flange
10817-12-10,CR. FITT. SAE FLANGE 3000PSI 45°,3000,3/4,45,flange
10817-12-12,CR. FITT. SAE FLANGE 3000PSI 45°,3000,3/4,45,flange
10817-16-12,CR. FITT. SAE FLANGE 3000PSI 45°,3000,1,45,flange
10817-16-16,CR. FITT. SAE FLANGE 3000PSI 45°,3000,1,45,flange
10817-16-20,CR. FITT. SAE FLANGE 3000PSI 45°,3000,1,45,flange
10817-20-16,CR. FITT. SAE FLANGE 3000PSI 45°,3000,1-1/4,45,flange
10817-20-20,CR. FITT. SAE FLANGE 3000PSI 45°,3000,1-1/4,45,flange
10817-20-24,CR. FITT. SAE FLANGE 3000PSI 45°,3000,1-1/4,45,flange
10817-24-20,CR. FITT. SAE FLANGE 3000PSI 45°,3000,1-1/2,45,flange
10817-24-24,CR. FITT. SAE FLANGE 3000PSI 45°,3000,1-1/2,45,flange
10817-24-32,CR. FITT. SAE FLANGE 3000PSI 45°,3000,1-1/2,45,flange
10817-32-24,CR. FITT. SAE FLANGE 3000PSI 45°,3000,2,45,flange
10817-32-32,CR. FITT. SAE FLANGE 3000PSI 45°,3000,2,45,flange
10817-32-48,CR. FITT. SAE FLANGE 3000PSI 45°,3000,2,45,flange
10817-40-32,CR. FITT. SAE FLANGE 3000PSI 45°,3000,2-1/2,45,flange
10817-40-40,CR. FITT. SAE FLANGE 3000PSI 45°,3000,2-1/2,45,flange
10817-48-40,CR. FITT. SAE FLANGE 3000PSI 45°,3000,3,45,flange
10817-48-48,CR. FITT. SAE FLANGE 3000PSI 45°,3000,3,45,flange
10818-08-08,CR. FITT. SAE FLANGE 6000PSI 45°,6000,1/2,45,flange
10818-12-08,CR. FITT. SAE FLANGE 6000PSI 45°,6000,3/4,45,flange
10818-12-10,CR. FITT. SAE FLANGE 6000PSI 45°,6000,3/4,45,flange
10818-12-12,CR. FITT. SAE FLANGE 6000PSI 45°,6000,3/4,45,flange
10818-12-16,CR. FITT. SAE FLANGE 6000PSI 45°,6000,3/4,45,flange
10818-16-12,CR. FITT. SAE FLANGE 6000PSI 45°,6000,1,45,flange
10818-16-16,CR. FITT. SAE FLANGE 6000PSI 45°,6000,1,45,flange
10818-20-16,CR. FITT. SAE FLANGE 6000PSI 45°,6000,1-1/4,45,flange
10818-20-20,CR. FITT. SAE FLANGE 6000PSI 45°,6000,1-1/4,45,flange
10818-24-24,CR. FITT. SAE FLANGE 6000PSI 45°,6000,1-1/2,45,flange
10818-32-32,CR. FITT. SAE FLANGE 6000PSI 45°,6000,2,45,flange
10825-04-04,CR. FITT. ORFS FEMALE 45° 9/16 X DN06,orfs,9/16,45,wartel
10825-06-04,CR. FITT. ORFS FEMALE 45° 11/16 X DN06,orfs,11/16,45,wartel
10825-06-05,CR. FITT. ORFS FEMALE 45° 11/16 X DN08,orfs,11/16,45,wartel
10825-06-06,CR. FITT. ORFS FEMALE 45° 11/16 X DN10,orfs,11/16,45,wartel
10825-08-06,CR. FITT. ORFS FEMALE 45° 13/16 X DN10,orfs,13/16,45,wartel
10825-08-08,CR. FITT. ORFS FEMALE 45° 13/16 X DN12,orfs,13/16,45,wartel
10825-08-10,CR. FITT. ORFS FEMALE 45° 13/16 X DN16,orfs,13/16,45,wartel
10825-10-08,CR. FITT. ORFS FEMALE 45° 1 X DN12,orfs,1,45,wartel
10825-10-10,CR. FITT. ORFS FEMALE 45° 1 X DN16,orfs,1,45,wartel
10825-12-08,CR. FITT. ORFS FEMALE 45° 1-3/16 X DN12,orfs,1-3/16,45,wartel
10825-12-10,CR. FITT. ORFS FEMALE 45° 1-3/16 X DN16,orfs,1-3/16,45,wartel
10825-12-12,CR. FITT. ORFS FEMALE 45° 1-3/16 X DN20,orfs,1-3/16,45,wartel
10825-16-12,CR. FITT. ORFS FEMALE 45° 1-7/16 X DN20,orfs,1-7/16,45,wartel
10825-16-16,CR. FITT. ORFS FEMALE 45° 1-7/16 X DN25,orfs,1-7/16,45,wartel
10825-20-20,CR. FITT. ORFS FEMALE 45° 1-11/16 X DN32,orfs,1-11/16,45,wartel
10825-24-24,CR. FITT. ORFS FEMALE 45° 2 X DN40,orfs,2,45,wartel
10890-06-03,CR. FITT. METR. STANDPIPE 45°,metrisch,06,45,standpijp
10890-06-04,CR. FITT. METR. STANDPIPE 45°,metrisch,06,45,standpijp
10890-08-04,CR. FITT. METR. STANDPIPE 45°,metrisch,08,45,standpijp
10890-10-04,CR. FITT. METR. STANDPIPE 45°,metrisch,10,45,standpijp
10890-10-06,CR. FITT. METR. STANDPIPE 45°,metrisch,10,45,standpijp
10890-12-06,CR. FITT. METR. STANDPIPE 45°,metrisch,12,45,standpijp
10890-15-06,CR. FITT. METR. STANDPIPE 45°,metrisch,15,45,standpijp
10890-15-08,CR. FITT. METR. STANDPIPE 45°,metrisch,15,45,standpijp
10890-18-10,CR. FITT. METR. STANDPIPE 45°,metrisch,18,45,standpijp
10890-35-20,CR. FITT. METR. STANDPIPE 45°,metrisch,35,45,standpijp
10895-12-03,CR. FITT. METR. SWIVEL 45° (06L) M12 X DN05,metrisch,06L,45,wartel
10895-12-04,CR. FITT. METR. SWIVEL 45° (06L) M12 X DN06,metrisch,06L,45,wartel
10895-14-03,CR. FITT. METR. SWIVEL 45° (08L) M14 X DN05,metrisch,08L,45,wartel
10895-14-04,CR. FITT. METR. SWIVEL 45° (08L) M14 X DN06,metrisch,08L,45,wartel
10895-14-05,CR. FITT. METR. SWIVEL 45° (08L) M14 X DN08,metrisch,08L,45,wartel
10895-16-04,CR. FITT. METR. SWIVEL 45° (10L) M16 X DN06,metrisch,10L,45,wartel
10895-16-05,CR. FITT. METR. SWIVEL 45° (10L) M16 X DN08,metrisch,10L,45,wartel
10895-16-06,CR. FITT. METR. SWIVEL 45° (10L) M16 X DN10,metrisch,10L,45,wartel
10895-18-04,CR. FITT. METR. SWIVEL 45° (12L) M18 X DN06,metrisch,12L,45,wartel
10895-18-05,CR. FITT. METR. SWIVEL 45° (12L) M18 X DN08,metrisch,12L,45,wartel
10895-18-06,CR. FITT. METR. SWIVEL 45° (12L) M18 X DN10,metrisch,12L,45,wartel
10895-18-08,CR. FITT. METR. SWIVEL 45° (12L) M18 X DN12,metrisch,12L,45,wartel
10895-22-06,CR. FITT. METR. SWIVEL 45° (15L) M22 X DN10,metrisch,15L,45,wartel
10895-22-08,CR. FITT. METR. SWIVEL 45° (15L) M22 X DN12,metrisch,15L,45,wartel
10895-26-08,CR. FITT. METR. SWIVEL 45° (18L) M26 X DN12,metrisch,18L,45,wartel
10895-26-10,CR. FITT. METR. SWIVEL 45° (18L) M26 X DN16,metrisch,18L,45,wartel
10895-30-10,CR. FITT. METR. SWIVEL 45° (22L) M30 X DN16,metrisch,22L,45,wartel
10895-30-12,CR. FITT. METR. SWIVEL 45° (22L) M30 X DN20,metrisch,22L,45,wartel
10895-30-16,CR. FITT. METR. SWIVEL 45° (22L) M30 X DN25,metrisch,22L,45,wartel
10895-36-12,CR. FITT. METR. SWIVEL 45° (28L) M36 X DN20,metrisch,28L,45,wartel
10895-36-16,CR. FITT. METR. SWIVEL 45° (28L) M36 X DN25,metrisch,28L,45,wartel
10895-36-20,CR. FITT. METR. SWIVEL 45° (28L) M36 X DN32,metrisch,28L,45,wartel
10895-45-16,CR. FITT. METR. SWIVEL 45° (35L) M45 X DN25,metrisch,35L,45,wartel
10895-45-20,CR. FITT. METR. SWIVEL 45° (35L) M45 X DN32,metrisch,35L,45,wartel
10895-52-24,CR. FITT. METR. SWIVEL 45° (42L) M52 X DN40,metrisch,42L,45,wartel
10896-14-04,CR. FITT. METR. SWIVEL 45° (06S) M14 X DN06,metrisch,06S,45,wartel
10896-16-03,CR. FITT. METR. SWIVEL 45° (08S) M16 X DN05,metrisch,08S,45,wartel
10896-16-04,CR. FITT. METR. SWIVEL 45° (08S) M16 X DN06,metrisch,08S,45,wartel
10896-18-04,CR. FITT. METR. SWIVEL 45° (10S) M18 X DN06,metrisch,10S,45,wartel
10896-18-05,CR. FITT. METR. SWIVEL 45° (10S) M18 X DN08,metrisch,10S,45,wartel
10896-18-06,CR. FITT. METR. SWIVEL 45° (10S) M18 X DN10,metrisch,10S,45,wartel
10896-20-04,CR. FITT. METR. SWIVEL 45° (12S) M20 X DN06,metrisch,12S,45,wartel
10896-20-05,CR. FITT. METR. SWIVEL 45° (12S) M20 X DN08,metrisch,12S,45,wartel
10896-20-06,CR. FITT. METR. SWIVEL 45° (12S) M20 X DN10,metrisch,12S,45,wartel
10896-22-06,CR. FITT. METR. SWIVEL 45° (14S) M22 X DN10,metrisch,14S,45,wartel
10896-22-08,CR. FITT. METR. SWIVEL 45° (14S) M22 X DN12,metrisch,14S,45,wartel
10896-24-06,CR. FITT. METR. SWIVEL 45° (16S) M24 X DN10,metrisch,16S,45,wartel
10896-24-08,CR. FITT. METR. SWIVEL 45° (16S) M24 X DN12,metrisch,16S,45,wartel
10896-24-10,CR. FITT. METR. SWIVEL 45° (16S) M24 X DN10,metrisch,16S,45,wartel
10896-30-10,CR. FITT. METR. SWIVEL 45° (20S) M30 X DN16,metrisch,20S,45,wartel
10896-30-12,CR. FITT. METR. SWIVEL 45° (20S) M30 X DN20,metrisch,20S,45,wartel
10896-36-12,CR. FITT. METR. SWIVEL 45° (25S) M36 X DN20,metrisch,25S,45,wartel
10896-36-16,CR. FITT. METR. SWIVEL 45° (25S) M36 X DN25,metrisch,25S,45,wartel
10896-42-16,CR. FITT. METR. SWIVEL 45° (30S) M42 X DN25,metrisch,30S,45,wartel
10896-42-20,CR. FITT. METR. SWIVEL 45° (30S) M42 X DN32,metrisch,30S,45,wartel
10896-52-20,CR. FITT. METR. SWIVEL 45° (38S) M52 X DN32,metrisch,38S,45,wartel
10913-02-03,CR. FITT. BSP SWIVEL 90° 1/8 X DN05,bsp,1/8,90,wartel
10913-02-04,CR. FITT. BSP SWIVEL 90° 1/8 X DN06,bsp,1/8,90,wartel
10913-04-03,CR. FITT. BSP SWIVEL 90° 1/4 X DN05,bsp,1/4,90,wartel
10913-04-04,CR. FITT. BSP SWIVEL 90° 1/4 X DN06,bsp,1/4,90,wartel
10913-04-05,CR. FITT. BSP SWIVEL 90° 1/4 X DN08,bsp,1/4,90,wartel
10913-04-06,CR. FITT. BSP SWIVEL 90° 1/4 X DN10,bsp,1/4,90,wartel
10913-06-04,CR. FITT. BSP SWIVEL 90° 3/8 X DN06,bsp,3/8,90,wartel
10913-06-05,CR. FITT. BSP SWIVEL 90° 3/8 X DN08,bsp,3/8,90,wartel
10913-06-06,CR. FITT. BSP SWIVEL 90° 3/8 X DN10,bsp,3/8,90,wartel
10913-06-08,CR. FITT. BSP SWIVEL 90° 3/8 X DN12,bsp,3/8,90,wartel
10913-08-04,CR. FITT. BSP SWIVEL 90° 1/2 X DN06,bsp,1/2,90,wartel
10913-08-05,CR. FITT. BSP SWIVEL 90° 1/2 X DN08,bsp,1/2,90,wartel
10913-08-06,CR. FITT. BSP SWIVEL 90° 1/2 X DN10,bsp,1/2,90,wartel
10913-08-08,CR. FITT. BSP SWIVEL 90° 1/2 X DN12,bsp,1/2,90,wartel
10913-08-10,CR. FITT. BSP SWIVEL 90° 1/2 X DN16,bsp,1/2,90,wartel
10913-10-08,CR. FITT. BSP SWIVEL 90° 5/8 X DN12,bsp,5/8,90,wartel
10913-10-10,CR. FITT. BSP SWIVEL 90° 5/8 X DN16,bsp,5/8,90,wartel
10913-12-08,CR. FITT. BSP SWIVEL 90° 3/4 X DN12,bsp,3/4,90,wartel
10913-12-10,CR. FITT. BSP SWIVEL 90° 3/4 X DN16,bsp,3/4,90,wartel
10913-12-12,CR. FITT. BSP SWIVEL 90° 3/4 X DN20,bsp,3/4,90,wartel
10913-12-16,CR. FITT. BSP SWIVEL 90° 3/4 X DN25,bsp,3/4,90,wartel
10913-16-12,CR. FITT. BSP SWIVEL 90° 1 X DN20,bsp,1,90,wartel
10913-16-16,CR. FITT. BSP SWIVEL 90° 1 X DN25,bsp,1,90,wartel
10913-20-16,CR. FITT. BSP SWIVEL 90° 11/4 X DN25,bsp,11/4,90,wartel
10913-20-20,CR. FITT. BSP SWIVEL 90° 11/4 X DN32,bsp,11/4,90,wartel
10913-24-20,CR. FITT. BSP SWIVEL 90° 11/2 X DN32,bsp,11/2,90,wartel
10913-24-24,CR. FITT. BSP SWIVEL 90° 11/2 X DN40,bsp,11/2,90,wartel
10913-32-32,CR. FITT. BSP SWIVEL 90° 2 X DN50,bsp,2,90,wartel
10913-40-40,CR. FITT. BSP SWIVEL 90° 21/2 X DN63,bsp,21/2,90,wartel
10913-48-48,CR. FITT. BSP SWIVEL 90° 3 X DN75,bsp,3,90,wartel
10915-04-03,CR. FITT. JIC 37° SWIVEL 90° 7/16 X DN05,jic,7/16,90,wartel
10915-04-04,CR. FITT. JIC 37° SWIVEL 90° 7/16 X DN06,jic,7/16,90,wartel
10915-05-04,CR. FITT. JIC 37° SWIVEL 90° 1/2 X DN06,jic,1/2,90,wartel
10915-05-05,CR. FITT. JIC 37° SWIVEL 90° 1/2 X DN08,jic,1/2,90,wartel
10915-06-04,CR. FITT. JIC 37° SWIVEL 90° 9/16 X DN06,jic,9/16,90,wartel
10915-06-05,CR. FITT. JIC 37° SWIVEL 90° 9/16 X DN08,jic,9/16,90,wartel
10915-06-06,CR. FITT. JIC 37° SWIVEL 90° 9/16 X DN10,jic,9/16,90,wartel
10915-08-06,CR. FITT. JIC 37° SWIVEL 90° 3/4 X DN10,jic,3/4,90,wartel
10915-08-08,CR. FITT. JIC 37° SWIVEL 90° 3/4 X DN12,jic,3/4,90,wartel
10915-10-06,CR. FITT. JIC 37° SWIVEL 90° 7/8 X DN10,jic,7/8,90,wartel
10915-10-08,CR. FITT. JIC 37° SWIVEL 90° 7/8 X DN12,jic,7/8,90,wartel
10915-10-10,CR. FITT. JIC 37° SWIVEL 90° 7/8 X DN16,jic,7/8,90,wartel
10915-12-08,CR. FITT. JIC 37° SWIVEL 90° 1-1/16 X DN12,jic,1-1/16,90,wartel
10915-12-10,CR. FITT. JIC 37° SWIVEL 90° 1-1/16 X DN16,jic,1-1/16,90,wartel
10915-12-12,CR. FITT. JIC 37° SWIVEL 90° 1-1/16 X DN20 0951-12-12,jic,1-1/16,90,wartel
10915-12-16,CR. FITT. JIC 37° SWIVEL 90° 1-1/16 X DN25,jic,1-1/16,90,wartel
10915-14-12,CR. FITT. JIC 37° SWIVEL 90° 1-3/16 X DN20,jic,1-3/16,90,wartel
10915-16-12,CR. FITT. JIC 37° SWIVEL 90° 1-5/16 X DN20,jic,1-5/16,90,wartel
10915-16-16,CR. FITT. JIC 37° SWIVEL 90° 1-5/16 X DN25 0951-16-16,jic,1-5/16,90,wartel
10915-16-20,CR. FITT. JIC 37° SWIVEL 90° 1-5/16 X DN32,jic,1-5/16,90,wartel
10915-20-16,CR. FITT. JIC 37° SWIVEL 90° 1-5/8 X DN25,jic,1-5/8,90,wartel
10915-20-20,CR. FITT. JIC 37° SWIVEL 90° 1-5/8 X DN32,jic,1-5/8,90,wartel
10915-24-24,CR. FITT. JIC 37° SWIVEL 90° 1-7/8 X DN40,jic,1-7/8,90,wartel
10915-32-32,CR. FITT. JIC 37° SWIVEL 90° 2-1/2 X DN50,jic,2-1/2,90,wartel
10916-14-04,CR. FITT. METR. SWIVEL 90° 0200-04-14,metrisch,M14,90,wartel
10916-16-04,CR. FITT. METR. SWIVEL 90°,metrisch,M16,90,wartel
10916-16-05,CR. FITT. METR. SWIVEL 90°,metrisch,M16,90,wartel
10916-18-06,CR. FITT. METR. SWIVEL 90°,metrisch,M18,90,wartel
10916-22-08,CR. FITT. METR. SWIVEL 90°,metrisch,M22,90,wartel
10916-30-12,CR. FITT. METR. SWIVEL 90°,metrisch,M30,90,wartel
10916-38-16,CR. FITT. METR. SWIVEL 90°,metrisch,M38,90,wartel
10916-45-20,CR. FITT. METR. SWIVEL 90°,metrisch,M45,90,wartel
10916-52-24,CR. FITT. METR. SWIVEL STR.,metrisch,M52,90,wartel
10916-78-40,CR. FITT. METR. SWIVEL 90°,metrisch,M78,90,wartel
10917-08-08,CR. FITT. SAE FLANGE 3000PSI 90°,3000,1/2,90,flange
10917-08-10,CR. FITT. SAE FLANGE 3000PSI 90°,3000,1/2,90,flange
10917-12-08,CR. FITT. SAE FLANGE 3000PSI 90°,3000,3/4,90,flange
10917-12-10,CR. FITT. SAE FLANGE 3000PSI 90°,3000,3/4,90,flange
10917-12-12,CR. FITT. SAE FLANGE 3000PSI 90°,3000,3/4,90,flange
10917-12-16,CR. FITT. SAE FLANGE 3000PSI 90°,3000,3/4,90,flange
10917-16-10,CR. FITT. SAE FLANGE 3000PSI 90°,3000,1,90,flange
10917-16-12,CR. FITT. SAE FLANGE 3000PSI 90°,3000,1,90,flange
10917-16-16,CR. FITT. SAE FLANGE 3000PSI 90°,3000,1,90,flange
10917-16-20,CR. FITT. SAE FLANGE 3000PSI 90°,3000,1,90,flange
10917-16-24,CR. FITT. SAE FLANGE 3000PSI 90°,3000,1,90,flange
10917-20-10,CR. FITT. SAE FLANGE 3000PSI 90°,3000,1-1/4,90,flange
10917-20-16,CR. FITT. SAE FLANGE 3000PSI 90°,3000,1-1/4,90,flange
10917-20-20,CR. FITT. SAE FLANGE 3000PSI 90°,3000,1-1/4,90,flange
10917-20-24,CR. FITT. SAE FLANGE 3000PSI 90°,3000,1-1/4,90,flange
10917-20-32,CR. FITT. SAE FLANGE 3000PSI 90°,3000,1-1/4,90,flange
10917-24-16,CR. FITT. SAE FLANGE 3000PSI 90°,3000,1-1/2,90,flange
10917-24-20,CR. FITT. SAE FLANGE 3000PSI 90°,3000,1-1/2,90,flange
10917-24-24,CR. FITT. SAE FLANGE 3000PSI 90°,3000,1-1/2,90,flange
10917-24-32,CR. FITT. SAE FLANGE 3000PSI 90°,3000,1-1/2,90,flange
10917-32-24,CR. FITT. SAE FLANGE 3000PSI 90°,3000,2,90,flange
10917-32-32,CR. FITT. SAE FLANGE 3000PSI 90°,3000,2,90,flange
10917-32-40,CR. FITT. SAE FLANGE 3000PSI 90°,3000,2,90,flange
10917-40-32,CR. FITT. SAE FLANGE 3000PSI 90°,3000,2-1/2,90,flange
10917-40-40,CR. FITT. SAE FLANGE 3000PSI 90°,3000,2-1/2,90,flange
10917-40-48,CR. FITT. SAE FLANGE 3000PSI 90°,3000,2-1/2,90,flange
10917-48-48,CR. FITT. SAE FLANGE 3000PSI 90°,3000,3,90,flange
10917-56-48,CR. FITT. SAE FLANGE 3000PSI 90°,3000,3-1/2,90,flange
10917-64-48,CR. FITT. SAE FLANGE 3000PSI 90°,3000,4,90,flange
10918-08-08,CR. FITT. SAE FLANGE 6000PSI 90°,6000,1/2,90,flange
10918-08-10,CR. FITT. SAE FLANGE 6000PSI 90°,6000,1/2,90,flange
10918-08-12,CR. FITT. SAE FLANGE 6000PSI 90°,6000,1/2,90,flange
10918-12-08,CR. FITT. SAE FLANGE 6000PSI 90°,6000,3/4,90,flange
10918-12-10,CR. FITT. SAE FLANGE 6000PSI 90°,6000,3/4,90,flange
10918-12-12,CR. FITT. SAE FLANGE 6000PSI 90°,6000,3/4,90,flange
10918-12-16,CR. FITT. SAE FLANGE 6000PSI 90°,6000,3/4,90,flange
10918-16-12,CR. FITT. SAE FLANGE 6000PSI 90° 1110-12-16,6000,1,90,flange
10918-16-16,CR. FITT. SAE FLANGE 6000PSI 90°,6000,1,90,flange
10918-16-20,CR. FITT. SAE FLANGE 6000PSI 90°,6000,1,90,flange
10918-20-16,CR. FITT. SAE FLANGE 6000PSI 90°,6000,1-1/4,90,flange
10918-20-20,CR. FITT. SAE FLANGE 6000PSI 90°,6000,1-1/4,90,flange
10918-20-24,CR. FITT. SAE FLANGE 6000PSI 90°,6000,1-1/4,90,flange
10918-24-20,CR. FITT. SAE FLANGE 6000PSI 90°,6000,1-1/2,90,flange
10918-24-24,CR. FITT. SAE FLANGE 6000PSI 90°,6000,1-1/2,90,flange
10918-24-32,CR. FITT. SAE FLANGE 6000PSI 90°,6000,1-1/2,90,flange
10918-32-32,CR. FITT. SAE FLANGE 6000PSI 90°,6000,2,90,flange
10919-04-04,CR. FITT. BSP. SWIVEL 90° JAPANESE,BSPJ,1/4,90,wartel
10919-06-06,CR. FITT. BSP. SWIVEL 90° JAPANESE,BSPJ,3/8,90,wartel
10919-08-08,CR. FITT. BSP. SWIVEL 90° JAPANESE,BSPJ,1/2,90,wartel
10919-14-04,CR. FITT. METR. SWIVEL 90° JAPANESE,BSPJ,M14,90,wartel
10919-16-05,CR. FITT. METR. SWIVEL 90° JAPANESE,BSPJ,M16,90,wartel
10919-18-06,CR. FITT. METR. SWIVEL 90° JAPANESE,BSPJ,M18,90,wartel
10919-22-08,CR. FITT. METR. SWIVEL 90° JAPANESE,BSPJ,M22,90,wartel
10919-24-10,CR. FITT. METR. SWIVEL 90° JAPANESE,BSPJ,M24,90,wartel
10919-30-12,CR. FITT. METR. SWIVEL 90° JAPANESE 0990S12-30,BSPJ,M30,90,wartel
10920-08-05,CR. FITT. JIC 37° MALE 90°,jic,3/4,90,buiten
10920-08-06,CR. FITT. JIC 37° MALE 90°,jic,3/4,90,buiten
10925-04-04,CR. FITT. ORFS FEMALE 90° 9/16 X DN06,orfs,9/16,90,wartel
10925-06-04,CR. FITT. ORFS FEMALE 90° 11/16 X DN06,orfs,11/16,90,wartel
10925-06-05,CR. FITT. ORFS FEMALE 90° 11/16 X DN08,orfs,11/16,90,wartel
10925-06-06,CR. FITT. ORFS FEMALE 90° 11/16 X DN10,orfs,11/16,90,wartel
10925-08-06,CR. FITT. ORFS FEMALE 90° 13/16 X DN10,orfs,13/16,90,wartel
10925-08-08,CR. FITT. ORFS FEMALE 90° 13/16 X DN12 S150-08-11,orfs,13/16,90,wartel
10925-08-10,CR. FITT. ORFS FEMALE 90° 13/16 X DN16,orfs,13/16,90,wartel
10925-10-08,CR. FITT. ORFS FEMALE 90° 1 X DN12,orfs,1,90,wartel
10925-10-10,CR. FITT. ORFS FEMALE 90° 1 X DN16,orfs,1,90,wartel
10925-10-12,CR. FITT. ORFS FEMALE 90° 1 X DN20,orfs,1,90,wartel
10925-12-08,CR. FITT. ORFS FEMALE 90° 1-3/16 X DN12,orfs,1-3/16,90,wartel
10925-12-10,CR. FITT. ORFS FEMALE 90° 1-3/16 X DN16,orfs,1-3/16,90,wartel
10925-12-12,CR. FITT. ORFS FEMALE 90° 1-3/16 X DN20,orfs,1-3/16,90,wartel
10925-16-12,CR. FITT. ORFS FEMALE 90° 1-7/16 X DN20,orfs,1-7/16,90,wartel
10925-16-16,CR. FITT. ORFS FEMALE 90° 1-7/16 X DN25,orfs,1-7/16,90,wartel
10925-20-16,CR. FITT. ORFS FEMALE 90° 1-11/16 X DN25,orfs,1-11/16,90,wartel
10925-20-20,CR. FITT. ORFS FEMALE 90° 1-11/16 X DN32,orfs,1-11/16,90,wartel
10925-24-24,CR. FITT. ORFS FEMALE 90° 2 X DN40,orfs,2,90,wartel
10980-18-06,CR. FITT. METR. MALE 90°,metrisch,M18,90,buiten
10990-06-03,CR. FITT. METR. STANDPIPE 90°,metrisch,06,90,standpijp
10990-06-04,CR. FITT. METR. STANDPIPE 90°,metrisch,06,90,standpijp
10990-08-04,CR. FITT. METR. STANDPIPE 90°,metrisch,08,90,standpijp
10990-08-05,CR. FITT. METR. STANDPIPE 90°,metrisch,08,90,standpijp
10990-10-04,CR. FITT. METR. STANDPIPE 90°,metrisch,10,90,standpijp
10990-10-05,CR. FITT. METR. STANDPIPE 90°,metrisch,10,90,standpijp
10990-10-06,CR. FITT. METR. STANDPIPE 90°,metrisch,10,90,standpijp
10990-12-04,CR. FITT. METR. STANDPIPE 90°,metrisch,12,90,standpijp
10990-12-05,CR. FITT. METR. STANDPIPE 90°,metrisch,12,90,standpijp
10990-12-06,CR. FITT. METR. STANDPIPE 90°,metrisch,12,90,standpijp
10990-12-08,CR. FITT. METR. STANDPIPE 90°,metrisch,12,90,standpijp
10990-14-06,CR. FITT. METR. STANDPIPE 90°,metrisch,14,90,standpijp
10990-15-06,CR. FITT. METR. STANDPIPE 90°,metrisch,15,90,standpijp
10990-15-08,CR. FITT. METR. STANDPIPE 90°,metrisch,15,90,standpijp
10990-16-08,CR. FITT. METR. STANDPIPE 90°,metrisch,16,90,standpijp
10990-18-10,CR. FITT. METR. STANDPIPE 90°,metrisch,18,90,standpijp
10990-20-10,CR. FITT. METR. STANDPIPE 90°,metrisch,20,90,standpijp
10990-22-12,CR. FITT. METR. STANDPIPE 90°,metrisch,22,90,standpijp
10990-25-12,CR. FITT. METR. STANDPIPE 90°,metrisch,25,90,standpijp
10990-28-16,CR. FITT. METR. STANDPIPE 90°,metrisch,28,90,standpijp
10990-35-20,CR. FITT. METR. STANDPIPE 90°,metrisch,35,90,standpijp
10995-12-03,CR. FITT. METR. SWIVEL 90° (06L) M12 X DN05 0185-03-12,metrisch,06L,90,wartel
10995-12-04,CR. FITT. METR. SWIVEL 90° (06L) M12 X DN06,metrisch,06L,90,wartel
10995-14-03,CR. FITT. METR. SWIVEL 90° (08L) M14 X DN05,metrisch,08L,90,wartel
10995-14-04,CR. FITT. METR. SWIVEL 90° (08L) M14 X DN06,metrisch,08L,90,wartel
10995-14-05,CR. FITT. METR. SWIVEL 90° (08L) M14 X DN08,metrisch,08L,90,wartel
10995-16-04,CR. FITT. METR. SWIVEL 90° (10L) M16 X DN06,metrisch,10L,90,wartel
10995-16-05,CR. FITT. METR. SWIVEL 90° (10L) M16 X DN08,metrisch,10L,90,wartel
10995-16-06,CR. FITT. METR. SWIVEL 90° (10L) M16 X DN10,metrisch,10L,90,wartel
10995-18-04,CR. FITT. METR. SWIVEL 90° (12L) M18 X DN06,metrisch,12L,90,wartel
10995-18-05,CR. FITT. METR. SWIVEL 90° (12L) M18 X DN08,metrisch,12L,90,wartel
10995-18-06,CR. FITT. METR. SWIVEL 90° (12L) M18 X DN10,metrisch,12L,90,wartel
10995-18-08,CR. FITT. METR. SWIVEL 90° (12L) M18 X DN12,metrisch,12L,90,wartel
10995-22-06,CR. FITT. METR. SWIVEL 90° (15L) M22 X DN10,metrisch,15L,90,wartel
10995-22-08,CR. FITT. METR. SWIVEL 90° (15L) M22 X DN12,metrisch,15L,90,wartel
10995-22-10,CR. FITT. METR. SWIVEL 90° (15L) M22 X DN16,metrisch,15L,90,wartel
10995-22-12,CR. FITT. METR. SWIVEL 90° (15L) M22 X DN20,metrisch,15L,90,wartel
10995-26-08,CR. FITT. METR. SWIVEL 90° (18L) M26 X DN12,metrisch,18L,90,wartel
10995-26-10,CR. FITT. METR. SWIVEL 90° (18L) M26 X DN16,metrisch,18L,90,wartel
10995-26-12,CR. FITT. METR. SWIVEL 90° (18L) M26 X DN20,metrisch,18L,90,wartel
10995-30-10,CR. FITT. METR. SWIVEL 90° (22L) M30 X DN16,metrisch,22L,90,wartel
10995-30-12,CR. FITT. METR. SWIVEL 90° (22L) M30 X DN20,metrisch,22L,90,wartel
10995-30-16,CR. FITT. METR. SWIVEL 90° (22L) M30 X DN25,metrisch,22L,90,wartel
10995-36-12,CR. FITT. METR. SWIVEL 90° (28L) M36 X DN20,metrisch,28L,90,wartel
10995-36-16,CR. FITT. METR. SWIVEL 90° (28L) M36 X DN25,metrisch,28L,90,wartel
10995-36-20,CR. FITT. METR. SWIVEL 90° (28L) M36 X DN32,metrisch,28L,90,wartel
10995-45-16,CR. FITT. METR. SWIVEL 90° (35L) M45 X DN25,metrisch,35L,90,wartel
10995-45-20,CR. FITT. METR. SWIVEL 90° (35L) M45 X DN32,metrisch,35L,90,wartel
10995-52-20,CR. FITT. METR. SWIVEL 90° (42L) M52 X DN32,metrisch,42L,90,wartel
10995-52-24,CR. FITT. METR. SWIVEL 90° (42L) M52 X DN40,metrisch,42L,90,wartel
10996-14-04,CR. FITT. METR. SWIVEL 90° (06S) M14 X DN06,metrisch,06S,90,wartel
10996-16-03,CR. FITT. METR. SWIVEL 90° (08S) M16 X DN05,metrisch,08S,90,wartel
10996-16-04,CR. FITT. METR. SWIVEL 90° (08S) M16 X DN06,metrisch,08S,90,wartel
10996-16-05,CR. FITT. METR. SWIVEL 90° (08S) M16 X DN08,metrisch,08S,90,wartel
10996-18-04,CR. FITT. METR. SWIVEL 90° (10S) M18 X DN06 0184-04-18,metrisch,10S,90,wartel
10996-18-05,CR. FITT. METR. SWIVEL 90° (10S) M18 X DN08,metrisch,10S,90,wartel
10996-18-06,CR. FITT. METR. SWIVEL 90° (10S) M18 X DN10,metrisch,10S,90,wartel
10996-20-04,CR. FITT. METR. SWIVEL 90° (12S) M20 X DN06,metrisch,12S,90,wartel
10996-20-05,CR. FITT. METR. SWIVEL 90° (12S) M20 X DN08,metrisch,12S,90,wartel
10996-20-06,CR. FITT. METR. SWIVEL 90° (12S) M20 X DN10,metrisch,12S,90,wartel
10996-20-08,CR. FITT. METR. SWIVEL 90° (12S) M20 X DN12,metrisch,12S,90,wartel
10996-22-06,CR. FITT. METR. SWIVEL 90° (14S) M22 X DN10,metrisch,14S,90,wartel
10996-22-08,CR. FITT. METR. SWIVEL 90° (14S) M22 X DN12,metrisch,14S,90,wartel
10996-24-06,CR. FITT. METR. SWIVEL 90° (16S) M24 X DN10,metrisch,16S,90,wartel
10996-24-08,CR. FITT. METR. SWIVEL 90° (16S) M24 X DN12,metrisch,16S,90,wartel
10996-24-10,CR. FITT. METR. SWIVEL 90° (16S) M24 X DN16,metrisch,16S,90,wartel
10996-30-08,CR. FITT. METR. SWIVEL 90° (20S) M30 X DN12,metrisch,20S,90,wartel
10996-30-10,CR. FITT. METR. SWIVEL 90° (20S) M30 X DN16,metrisch,20S,90,wartel
10996-30-12,CR. FITT. METR. SWIVEL 90° (20S) M30 X DN20,metrisch,20S,90,wartel
10996-36-12,CR. FITT. METR. SWIVEL 90° (25S) M36 X DN20,metrisch,25S,90,wartel
10996-36-16,CR. FITT. METR. SWIVEL 90° (25S) M36 X DN25,metrisch,25S,90,wartel
10996-42-12,CR. FITT. METR. SWIVEL 90° (30S) M42 X DN20,metrisch,30S,90,wartel
10996-42-16,CR. FITT. METR. SWIVEL 90° (30S) M42 X DN25,metrisch,30S,90,wartel
10996-42-20,CR. FITT. METR. SWIVEL 90° (30S) M42 X DN32,metrisch,30S,90,wartel
10996-52-20,CR. FITT. METR. SWIVEL 90° (38S) M52 X DN32,metrisch,38S,90,wartel
10996-52-24,CR. FITT. METR. SWIVEL 90° (38S) M52 X DN40 0184-24-52,metrisch,38S,90,wartel
10997-20-05,CR. FITT. METR. SWIVEL 90° FRANCE,metrisch,M20,90,wartel
10997-24-08,CR. FITT. METR. SWIVEL 90° FRANCE,metrisch,M24,90,wartel
10997-27-10,CR. FITT. METR. SWIVEL 90° FRANCE,metrisch,M27,90,wartel
10997-30-10,CR. FITT. METR. SWIVEL 90° FRANCE,metrisch,M30,90,wartel
10997-36-12,CR. FITT. METR. SWIVEL 90° FRANCE,metrisch,M36,90,wartel
10997-45-16,CR. FITT. METR. SWIVEL STR. FRANCE,metrisch,M45,90,wartel
